Char,夏漢字典序號,Sofronov序號,四角號碼,Unicode,龔煌城,龔勛202411,英文釋義,龔煌城釋義
𗹦,3513,1273,2804 50,U+17E66,mə,mə̱¹,sky; heaven,天
𗼻,2627,4023,2342 20,U+17F3B,ljɨ̣,lləh²,land; soil,地、陸
𗯨,4713,2479,8021 40,U+17BE8,rjur,rur¹,world; capital city,世
𗐯,4719,1882,8021 42,U+1742F,kiẹj,qae̱h²,boundary,界(借詞)
𗂥,1926,1607,2101 42,U+170A5,ŋjij,ne²,before,久
𗾔,2449,5728,2240 80,U+17F94,be,bi̱²,the sun,日
𗼑,2814,3313,2481 22,U+17F11,lhjị,lhih²,the moon,"月 moon, month"
𗉘,1374,5540,1744 24,U+17258,tśhjɨ,tśhə¹,a pronoun,彼、他、爾、是 that
𘝨,4861,2612,8040 00,U+18768,zjọ,zoh²,time,時 then
𗜓,4184,0909,5024 22,U+17713,śja,śa²,to appear; to show; to sparkle,現
𗭼,5120,2245,8122 24,U+17B7C,swew,swi̱w¹,bright; brilliant; light,明、光
𗤼,2491,3456,2244 40,U+1793C,na,na̱¹,night; darkness,夜；暗、闇 night
𗂈,2920,1564,2701 40,U+17088,źjɨ̣,źəh¹,left side,左 left
𗼛,2547,3303,2284 22,U+17F1B,tśier,rtṣai̱r¹,right side,右 right
𘚢,0762,0468,1421 42,U+186A2,dźiej,dẓae̱²,wheel,輪、旋
𗉅,0618,5505,1270 48,U+17245,tsja,tsa¹,hot,熱 hot
𗎒,4052,0617,4471 40,U+17392,dạ,da̱h²,cold,寒、冷
𗨁,2612,3709,2341 22,U+17A01,phju,phu²,up; above; over,長；上；一
𗤢,3791,3591,2942 25,U+17922,bji̱,bi²,below; down,下
𗖠,1507,4640,1772 40,U+175A0,ŋwej,ŋwe̱²,harmonious; mild,和、睦、調和、順、合
𘋠,5932,1771,9724 52,U+182E0,mə,mə̱²,kind; sort; type,種
𘔮,0981,1136,1721 52,U+1852E,ˑwar,rġhwa̱r²,wealth; property,物 thing*
𗼴,2218,3985,2142 40,U+17F34,ljịj,lleh¹,seedling,乙
𗵆,0113,0177,1042 48,U+17D46,śjɨj,śeṃ¹,to accomplish,成
𗩱,2620,3838,2341 40,U+17A71,njwi,nwi²,can; to be able to,能；善、巧
𘊡,2894,5771,2549 00,U+182A1,lu,lu̱²,season,季
𗑝,4739,1879,8021 90,U+1745D,tsewr,rtsi̱wr¹,joint,節
𘐡,5379,2808,8341 70,U+18421,tśjɨ,ntśə¹,order; sequence,次、序
𗖵,0433,4614,1171 22,U+175B5,bju,bu¹,a preposition,由；因；依；隨、以、故、應
𗣲,3784,3905,2941 40,U+178F2,bio,bao̱¹,line; ranks,行、列
𗸴,0185,1224,1121 40,U+17E34,njwɨ,nwə²,spring,春 spring
𗧐,2162,3828,2141 44,U+179D0,bie,bai̱²,to unite,解、開
𗱈,1477,4802,1755 40,U+17C48,le,lli̱²,tiger,虎；寅 tiger
𗍍,0281,0626,1141 24,U+1734D,tser,rtsi̱r¹,hare,卯、兔
𗵃,0083,0179,1041 22,U+17D43,we,vwi̱¹,dragon,龍、辰 dragon
𗴲,0071,0241,1041 00,U+17D32,dźjwij,dźwe²,summer,夏
𘞶,1876,4846,1945 45,U+187B6,phu̱,mphu̱²,luxuriant; flourishing,茂；崇
𗀋,0080,0075,1041 22,U+1700B,phio,phao̱²,snake,蛇、巳
𘆽,1115,5240,1724 50,U+181BD,gjij,ge¹,horse,馬；午
𘍂,5504,2223,8721 42,U+18342,mjo,mo²,sheep,未；羊
𘌞,5828,1685,9124 22,U+1831E,tsə̣,tsə̱h¹,autumn,秋
𗫴,2436,3746,2240 00,U+17AF4,mja̱,mma¹,fruit,覺
𘂶,5303,2394,8240 50,U+180B6,wjị,vih¹,monkey; beast; animal,申；獸
𗿼,2262,5717,2144 22,U+17FFC,dźjwow,dźwoṃ¹,bird,飛、騰；禽；酉
𗗻,0573,5365,1244 22,U+175FB,na,na̱¹,dog,戌；狗
𗈋,1490,4442,1771 44,U+1720B,tsur,rtsu̱r¹,winter,冬 winter
𗓀,4746,1962,8022 21,U+174C0,lu,lu̱¹,to hide; to conceal,41藏、隱藏
𗘅,1375,5355,1744 24,U+17605,gju,gu¹,pig; hog,亥(地支)；豚
𘋇,3859,3016,3124 00,U+182C7,xjwi,fi¹,mouse; rat,鼠；子
𗵊,0125,0183,1044 20,U+17D4A,mju̱,mmu²,ox,丑、牛、牡
𗟱,0748,0439,1421 22,U+177F1,pjɨ,pə¹,today; the present,今
𗫈,3133,3668,2741 24,U+17AC8,sjij,se¹,this morning; today,朝、今
𘛺,5453,2691,8441 42,U+186FA,bjij,be²,dawn,曉
𘋐,5439,2178,8441 20,U+182D0,ɣa,ġha̱¹,dawn; daybreak,
𘃂,5725,2377,8841 22,U+180C2,wjɨ̣,vəh²,tail; end; east,東 east
𗾓,2079,5675,2141 20,U+17F93,ljɨ,lə¹,noon; midday,卓午、日中 midday
𘆂,0391,4815,1151 00,U+18182,ljij,le²,noon,午 midday
𗇮,1067,4694,1724 20,U+171EE,rar,rə̱r²,shadow; reflection,"影 shadow, shade"
𗹑,1836,1146,1892 40,U+17E51,tśjɨj,tśeṃ¹,correct; upright,正(借詞)
𗑛,4796,1876,8024 00,U+1745B,zjɨr,rzər¹,south,南
𘋔,5444,2180,8441 24,U+182D4,lẹj,lle̱h²,evening; night,晚
𗪠,2763,3625,2441 24,U+17AA0,ɣu,ġhu̱¹,evening,夕
𘋏,5301,2175,8240 22,U+182CF,nej,ne̱²,evening; night,晚、暮
𘀎,3925,2890,3421 24,U+1800E,mur,rmu̱r¹,dark; dim,黑
𗂰,2945,1523,2702 42,U+170B0,lji,li²,west,西
𗽷,2085,4034,2141 21,U+17F77,ˑja̱r,ryawr²,room; to stay,棲；宿；室；欄
𗱨,0931,4880,1721 22,U+17C68,lju̱,nllu²,bedding,等於4877，bedding
𘈝,0284,0041,1141 24,U+1821D,śjwo,śow¹,night,夜
𗇡,1158,4557,1741 00,U+171E1,rjɨj,reṃ²,one of the five two-hour periods into which the night was formerly divided; watch,夜、更
𗈇,0942,4696,1721 24,U+17207,ljạ,llah¹,north,北
𗧣,3696,3453,2844 42,U+179E3,na,na̱¹,tomorrow,夜 (等於 3456)
𘌫,5124,2197,8122 42,U+1832B,rar,ra̱r²,tomorrow,過=3357
𗪘,2104,3699,2141 22,U+17A98,śji,śi¹,before; former times,"先；前；向、預、往、故、曾、上 formerly, before, past"
𗷝,1064,0375,1724 12,U+17DDD,mjij,me²,not yet,未
𗦎,2474,3357,2244 22,U+1798E,rar,ra̱r²,to flow; to leak,流；過；經；漏
𗾥,3683,5705,2844 20,U+17FA5,sja,sa²,the day after tomorrow,後
𗨋,2096,3614,2141 22,U+17A0B,ɣwə,ġhwə̱²,three days later,
𗏡,2503,5608,2244 41,U+173E1,kụ,qu̱h¹,behind; back,"後；來；漸 after, later"
𘙇,0795,5042,1441 22,U+18647,rjɨr,rər²,an adverb,動詞詞頭 prefix
𗄼,3456,1379,2801 24,U+1713C,lja,la¹,to come; to fall,來，從
𗾞,2440,5678,2240 28,U+17F9E,njɨ̱,nnə²,day; daylight,日 a day
𘁇,5168,2152,8141 20,U+18047,ˑjɨ,yə²,past; last,去
𗈪,5981,5479,9852 40,U+1722A,ˑja,a¹,one,一、動詞詞頭
𗡶,0535,1175,1241 72,U+17876,śjij,śe¹,a suffix,順；法；功用；所
𗩍,,,,U+17A4D,,,,
𗂣,2712,1605,2401 42,U+170A3,wji,vi¹,year; age,年；歲
𗫂,3583,3612,2841 24,U+17AC2,tja,ta¹,an affix,"者、是、乃 topicalizer, topic marker"
𗍭,4088,0595,4825 50,U+1736D,ljow,loṃ²,a transliteration,譯音字
𗍱,4024,0589,4121 22,U+17371,zjɨ̣,zəh²,two,俱、共、二
𗯮,5625,2834,8742 22,U+17BEE,thwu̱,nthwu̱¹,same; alike,同；如；通(借詞)
𗯖,5841,1673,9151 41,U+17BD6,khwụ,qhwu̱h²,to cut; to slice,
𗯗,5834,1674,9151 21,U+17BD7,lej,le̱²,to change; to vary,變、化、轉 to change into
𗿳,3589,5676,2841 29,U+17FF3,dzjɨj,dzeṃ¹,time; date; moment,時
𗰗,1084,4489,1724 20,U+17C17,ɣạ,ġha̱h²,ten,十
𗍫,4027,0590,4121 50,U+1736B,njɨ̱,nnə¹,two,二、兩
𗷉,4501,1041,6081 22,U+17DC9,śjij,śe¹,the moon,
𗪇,3331,3457,2744 40,U+17A87,bu,bu̱¹,to sink; to submerge,29b (日)沒
𗫸,3101,3927,2740 00,U+17AF8,ˑjị,yih²,to repeat; to duplicate,重、更、復、還
𘏋,5171,2699,8141 20,U+183CB,sə,sə̱¹,full; filled; packed,滿、足、充
𗯿,5659,2840,8744 20,U+17BFF,wejr,rvwe̱r¹,flourishing; luxuriant,茂、榮、盛、隆、興、昌、強
𘈚,0102,0037,1042 00,U+1821A,gjɨ,gə²,night,夕、夜
𗇸,1421,4707,1745 74,U+171F8,zjɨ̣,zəh¹,daylight; daytime,時
𗤒,3305,3548,2744 20,U+17912,kjiw,kiw¹,year; age,年、歲、載 year
𘜍,0811,5190,1441 40,U+1870D,ˑja̱r,ryawr²,date,日
𗨻,2226,3384,2142 80,U+17A3B,we,vwi̱²,to do,為、作 become
𗎊,4082,0618,4774 00,U+1738A,rejr,re̱r¹,the twelfth lunar month,臘
𗩭,2105,3831,2141 22,U+17A6D,tśjow,tśoṃ¹,the first month,正
𗫿,3096,3846,2740 00,U+17AFF,kjwi,kwi¹,used; worn; old,舊
𗆧,3457,1465,2801 24,U+171A7,sjiw,siw¹,new; fresh,新 new
𘄏,0756,4360,1421 24,U+1810F,dźju,dźu²,to meet,遇；見
𗫏,3368,3794,2745 22,U+17ACF,thjwị,thwih¹,the young,少、少壯、幼
𘒺,0187,5438,1121 50,U+184BA,nar,rna̱r²,the old; the aged,老
𘗽,0590,4677,1244 40,U+185FD,zjọ,zoh²,longevity; life,壽；世
𘎲,5621,2712,8742 20,U+183B2,lhu,lhu̱¹,to increase; to raise; to add,"增、加 to increase, to add"
𗟥,1868,0310,1942 44,U+177E5,tjịj,teh¹,to reduce,滅、減、除
𘌽,5354,2214,8321 42,U+1833D,thjɨ,thə²,this,此、是
𗳒,5880,5343,9274 42,U+17CD2,ŋwu,ŋwu̱²,an auxiliary word,"以、而(助詞) bostposition, instrumental"
𗡪,1290,1190,1742 72,U+1786A,tsew,tsi̱w²,limitation,限；度；第
𗷳,1463,0378,1754 50,U+17DF3,du,du̱²,to measure; to send bounds to,度(借詞)；限；賭博
𗅆,2833,1355,2504 20,U+17146,djɨj,deṃ²,calm; quiet,定(借詞)；必
𗋕,2019,4310,2121 50,U+172D5,thja,tha¹,other; else,是、其、斯、彼、此
𗅉,1906,1427,2101 24,U+17149,nio̱w,nuo¹,a conjunction,"後；及、并；又、復、更；逐；外 after that, later, behind"
𘄡,1771,4496,1844 40,U+18121,sjịj,seh²,wisdom,"智 knowledge, wisdom"
𗇋,3818,2934,3022 20,U+171CB,mjijr,rmer²,an auxiliary word,者、人、士 person
𗧊,3678,3667,2844 20,U+179CA,to,to̱²,to be born; to rise,出
𘋨,5306,2125,8240 80,U+182E8,dzjwɨ,dzwə¹,emperor,君、帝 emperor
𘃡,5113,2413,8122 20,U+180E1,wji,vi¹,to do; to make,"為、做、作 to do, to make, to perform"
𗬩,3740,5813,2874 20,U+17B29,kie,qai̱¹,commandment; (Buddhist) discipline,戒(借詞)、條、貫、法
𗅲,1910,1365,2101 24,U+17172,tjɨ̣j,teṃh²,ceremony; rite; manner,樣、則、禮、儀、制
𗄈,0009,0001,1021 21,U+17108,śjwo,śow¹,to appear; to raise,起、發、生、自、率
𗼨,2339,3343,2181 24,U+17F28,ŋwe,ŋwi̱²,a surname,族姓
𗆟,1903,1493,2101 22,U+1719F,mji,mi¹,a surname,
𗤳,2888,3890,2545 70,U+17933,mə,mə̱²,surname,姓、氏
𗴮,3017,4143,2721 52,U+17D2E,djịj,deh¹,kind; type,部、類、輩
𗮅,5414,2260,8421 22,U+17B85,rejr,re̱r²,many; much; more,多
𘈑,0607,0029,1250 58,U+18211,mjɨr,rmər¹,people; tribe; scholar,人
𗫔,3119,3866,2741 22,U+17AD4,ˑji,yi¹,many; numerous,眾
𗔀,5049,1999,8081 24,U+17500,wja,va¹,father,父
𘈷,1567,1131,1794 00,U+18237,gji,gi²,son; child,子 child*
𗆷,2935,1486,2702 22,U+171B7,lạ,lla̱h²,many; dense,多；密；稠
𗥃,2205,3509,2142 24,U+17943,ljɨr,rllər¹,four,四 four
𗗚,0661,5280,1324 24,U+175DA,ŋjow,goṃ²,sea,海
𘙌,1326,5047,1744 00,U+1864C,kjɨ,kə¹,an auxiliary verb,"動詞詞頭“己” prefix, (here, inside)"
𗦳,3266,3948,2742 80,U+179B3,dzju,dzu²,host; master,主、監、領、司 to rule; ruler
𘓦,0556,0032,1244 14,U+184E6,ljịj,lleh¹,be awake,知、悟
𘉋,4602,1632,7722 40,U+1824B,ˑjar,ryar¹,eight,八 eight
𘑗,4871,2856,8041 00,U+18457,ŋər,rŋə̱r¹,hill; mountain,山、峰
𗖶,0441,4638,1171 41,U+175B6,sjwɨ,swə¹,who; which; what,誰
𗑠,4950,2020,8044 00,U+17460,rjir,rir²,and,"與、俱 and, together with"
𗉜,0800,5509,1441 24,U+1725C,dze̱j,ndze̱¹,to struggle; to fight for,"爭、諍 to quarrel, contend, fight"
𗂧,2937,1594,2702 24,U+170A7,lhjịj,lheh²,country; nation,"國 state, nation, country"
𘇚,0720,5298,1351 24,U+181DA,mji̱,mmi²,to administer; to manage,治；饒
𘞂,1118,4867,1724 50,U+18782,dzjɨ̱,ndzə²,to practice; to exercise; to review,習；令
𘝦,5604,2543,8741 50,U+18766,dźjɨ,dźə?,skill; art,行、業、藝 action
𗫦,3320,3861,2744 22,U+17AE6,ɣiew,ġhai̱w¹,to study; to learn,學、會
𘟙,3830,2930,3029 00,U+187D9,njij,ne²,king; monarch,王 king
𗂸,3508,1553,2804 40,U+170B8,bji,bi²,prime minister (in ancient China),宰、臣
𗣫,3798,3584,2942 74,U+178EB,tsəj,tse̱ṃ¹,small; little; young,小 small
𗿒,2893,5660,2549 00,U+17FD2,khwej,qhwe̱²,big; large,魁(借詞)、大、大人
𗏴,2149,5607,2141 42,U+173F4,dźju,dźu¹,to show; to declare,宣、陳、明、顯
𗵣,0055,0188,1024 44,U+17D63,tśjiw,tśiw²,top,頂
𗵡,0146,0209,1074 50,U+17D61,tśiej,tṣae̱²,to wear,服(=戴帽)冠 to ear cap
𗋑,2738,4274,2421 52,U+172D1,djɨ̣j,deṃh²,cloud,雲 cloud
𗃡,2529,4074,2271 22,U+170E1,pjụ,puh²,hat; crown,覆；戴；冕、冠
𗵽,0542,1177,1244 00,U+17D7D,lju̱,nllu²,beautiful,端；好
𘛽,1546,4391,1782 00,U+186FD,ljụ,lluh²,body,"身、形 body, shape"
𗓈,4729,2093,8021 50,U+174C8,lhwu,lhwu̱¹,clothes; clothing,衣、服
𘗴,1141,4787,1740 00,U+185F4,kjir,rkir²,waist,腰
𘒰,5977,5320,9844 20,U+184B0,ze̱w,nzi̱w²,cape; cloak,
𗥕,3782,3534,2941 24,U+17955,zu,zu̱²,to tie up,縛、繫
𗪒,3372,3445,2745 25,U+17A92,kụ,qu̱h²,inner; inside,內；中、宮
𘓹,1623,0456,1822 42,U+184F9,wạ,vwa̱h²,palace,皇城
𗼃,2544,3301,2280 00,U+17F03,śjɨj,śeṃ²,sage; able and virtuous person,聖(借詞)
𘉍,4573,1648,7324 42,U+1824D,bji,bi¹,light; brightness,光
𗪛,2634,3719,2342 24,U+17A9B,dźjwow,dźwoṃ¹,to publicize; to propagate,宣；稱；揚；洩
𗃵,3406,4076,2772 28,U+170F5,pjụ,puh²,palace,殿
𗝂,4396,0933,5054 00,U+17742,rjɨr,rər²,central room,堂、室、亭
𗾈,3294,5759,2744 00,U+17F88,me̱,mmi̱²,able and virtuous people,神；賢；御
𘛃,3819,2935,3022 20,U+186C3,lu,lu̱²,seat; place; official title,座、位、職
𗶠,2396,3749,2210 00,U+17DA0,dzu̱,ndzu̱²,to sit; to reside,坐、居 to sit
𘓺,0510,0460,1224 42,U+184FA,ŋwər,rŋwə̱r¹,emperor; high heaven,天、皇
𘜹,4447,0967,5394 00,U+18739,dzow,dzo̱ṃ¹,empress; queen,后
𗛛,4204,0924,5025 50,U+176DB,kụ,qu̱h²,central room,堂；後
𗎭,1892,1257,2101 12,U+173AD,mji̱,mmi¹,house; residence,宮；舍、家、院、屋 house*
𗫻,3099,3926,2740 00,U+17AFB,dźji̱j,ndźe¹,to live; to stay; to exist,住；在；處
𘜶,4457,0971,5794 00,U+18736,ljịj,lleh²,big; great; large,大(借詞)
𗸱,0276,1086,1141 22,U+17E31,no,no̱²,son or daughter,子
𗹶,2829,1300,2501 50,U+17E76,du,du̱¹,building,樓；櫓
𗘲,4440,0668,5204 00,U+17632,rjɨr,reṃ²,pavilion,閣
𗰘,1097,4472,1724 22,U+17C18,ˑu,wu̱²,entertaimnent; recreation,戲
𗂅,2384,1559,2204 40,U+17085,mjijr,rmer²,prime minister; government officials,官
𗦢,2492,3502,2244 40,U+179A2,dza,dza̱²,to survey; measure,測；望、譬喻、計、限、卜、度、籌
𗙼,1778,0062,1845 25,U+1767C,ˑju,yu²,front,前
𘖉,5402,2498,8344 42,U+18589,khjij,khe²,to reach; to arrive,告、奏、至
𗓁,5026,2062,8054 50,U+174C1,mji,mi¹,to listen; to hear,聞 ear
𗼞,3753,3305,2884 20,U+17F1E,kow,qo̱ṃ²,government official,公、官
𗐱,4884,2104,8041 20,U+17431,nji,ni²,an auxiliary word,助詞（人稱詞尾），家、人 personal suffix
𗿢,2806,5658,2442 24,U+17FE2,zur,rzu̱r²,imperial edict,敕、詔
𗑾,4902,2002,8041 40,U+1747E,ŋwu̱,ŋŋwu̱¹,speech; word,言、語 language
𗙈,0182,0093,1121 25,U+17648,wjạ,vah¹,to allow; to say,所制、許、話
𘇂,1136,5232,1725 54,U+181C2,gu,ġu̱²,middle; among,"中 in, middle, center"
𗎘,0785,1160,1441 20,U+17398,bju,bu²,border; side,邊、際、側、境
𘌥,5979,1661,9844 40,U+18325,bej,be̱¹,to tie up; to arrest,拘；縛
𗅂,2708,1468,2401 25,U+17142,rjar,rar¹,to manage; ministry,司；院
𘇡,1600,5442,1821 40,U+181E1,thu,thu̱¹,to set up; to build,31 施、設、築、制、作、建、示、織
𗱕,0968,4876,1721 40,U+17C55,rjur,rur¹,all; everyone,諸
𗍁,0289,0645,1141 40,U+17341,we,vwi̱²,wall; city; castle,城、牆、州、都 city
𗗥,5875,5467,9254 00,U+175E5,źji,źi²,to sell and buy,商、賈、賣
𘎵,5613,2810,8742 00,U+183B5,zjịj,zeh²,tax; duty,著；征、賦
𘖗,5173,2517,8141 20,U+18597,dźjɨ̣,dźə?,to pull up; to rescue,伏；救；拔，掘
𘉀,2975,1311,2704 50,U+18240,tsji̱r,rtser¹,government official,官
𘛅,3865,2936,3125 22,U+186C5,dzjɨ̣,dzəh²,official title; the rank of nobility,官
𗤮,3360,3842,2745 00,U+1792E,nuə,nwə?,eloquence,辯、才
𗹍,1558,1151,1792 00,U+17E4D,mjị,mih²,an official title,言
𗑗,4751,1855,8022 22,U+17457,sej,se̱¹,clean; quiet,清、淨 clean
𘒏,1531,5162,1774 42,U+1848F,gja,ga¹,army; soldier,"軍；兵 army, soldier"
𘆝,0764,5233,1421 50,U+1819D,rjijr,rer¹,horse,馬 horse
𗔼,4916,1964,8041 44,U+1753C,ɣwej,ġhwe̱¹,to struggle; to fight,鬥、爭、戰 to fight
𗤱,3248,3922,2742 42,U+17931,rjɨj,reṃ²,scheme; stratagem,謀、計、略
𗓦,4922,2111,8042 20,U+174E6,dwu̱,ndwu̱²,secret; clandestine,秘、密、祕要、韜
𘎮,5212,2662,8142 22,U+183AE,pjị,pih¹,to discuss,議
𗍷,0760,0303,1421 25,U+17377,dzjɨj,dzeṃ²,to judge; to decide,判
𗦬,3370,3529,2745 25,U+179AC,gu,ġu̱²,common; generally,共 together
𘒎,1408,5171,1745 25,U+1848E,lhjo̱r,rlhor¹,place; site; market,(上聲) ，場
𗧤,3708,3465,2844 50,U+179E4,phja,pha¹,to break off; to sever,斷絕 to cut
𘚭,2305,1329,2159 50,U+186AD,ˑwiọ,vwo̱h¹,to clear away,
𗹗,0474,1144,1195 50,U+17E57,go,ġo̱²,to get rid of,除
𗸐,1474,0380,1754 59,U+17E10,ˑjɨr,ryər²,diligent,習、勤、精
𘅣,1183,4777,1741 20,U+18163,dạ,da̱h²,matter; affair; thing,事
𗒍,5043,2064,8074 41,U+1748D,dzjwɨ,dzwə²,to resolve,
𗫢,3692,3679,2844 40,U+17AE2,bə,bə̱¹,to cast; to throw,不惜、棄
𘅯,0342,4710,1142 42,U+1816F,dzjɨ,dzə¹,to lose,棄：
𗺎,4059,3112,4705 14,U+17E8E,tśhjɨ̱,ntśhə¹,to examine,
𗍋,0269,0635,1141 22,U+1734B,khjɨ̱,ŋkhə¹,to gather,聚集
𘅫,1736,4737,1844 00,U+1816B,tśju,tśu¹,to do; to work; to manage,事、務
𘓉,0993,5068,1722 20,U+184C9,lhew,lhi̱w¹,to herd; to graze,牧
𗽈,3668,4003,2844 00,U+17F48,ljị,llih¹,to plant; to cultivate,農、植、種、耕
𘛔,5578,1837,8725 45,U+186D4,nwə,nwə̱²,to herd,牧
𘏆,5158,2690,8141 00,U+183C6,sjọ,soh¹,agriculture; farming,農田、農夫、農
𗧗,3268,3893,2743 22,U+179D7,tśhjwɨj,tśhweṃ¹,to prohibit; to forbid; to ban,禁；制；謹、勤、馭、慎
𗙀,0773,0091,1422 20,U+17640,bju̱,mbu²,a reward; an award,賞
𘊆,2430,3164,2224 44,U+18286,bjo,bo²,to punish; to penalize,罰
𗣼,2748,3355,2441 22,U+178FC,tśhja,tśha²,morals; virtue,正、德、方
𗳦,1737,5389,1844 00,U+17CE6,ka,qa̱¹,even; equal,等、平
𗭍,3844,2977,3121 21,U+17B4D,dźjịj,dźeh¹,to go; to send,行、用、繫、進
𗕑,0966,4329,1721 40,U+17551,khjɨ,khə²,ten thousand,萬 ten thousand
𘂀,5243,2329,8144 42,U+18080,sjij,se²,man; person; people,民
𗅋,1918,1491,2101 27,U+1714B,mji,mi¹,not,不；非；無 not
𗛮,4279,0862,5042 00,U+176EE,wə̱,nvwə̱¹,to bend over; to subdue,服
𗤋,2194,3510,2142 22,U+1790B,mjij,me¹,not; nothing,無；不
𗱗,1518,4955,1774 22,U+17C57,tśjịj,tśeh¹,a surname,族姓
𗼚,3437,3333,2784 20,U+17F1A,ˑow,wo̱ṃ²,a surname,族姓
𘏪,5654,2713,8744 20,U+183EA,dẹj,de̱h²,a surname,族姓
𘚿,3878,2922,3142 42,U+186BF,mjij,me²,a transliteration,族姓
𗌰,1633,0078,1824 20,U+17330,pụ,pu̱h²,old; aged,
𗰔,0997,4491,1722 20,U+17C14,ˑjiw,yiw²,a surname,族姓
𗣠,2073,3569,2141 20,U+178E0,djịj,deh¹,a surname,
𗣵,3366,3913,2745 20,U+178F5,biej,bae̱¹,a surname,又在 2.31，族姓
𗨞,3230,3836,2742 24,U+17A1E,lhjịj,lheh²,a surname,族姓
𗪐,2867,3480,2541 42,U+17A90,kiej,qae̱²,person,
𗬑,3664,3686,2844 00,U+17B11,tśjɨ,tśə¹,a surname,
𗪉,2134,3496,2141 40,U+17A89,zjwị,zwih¹,nephew,甥
𗲡,1547,4939,1782 25,U+17CA1,xẽ,hi̱ṃ²,a transliteration,
𗝢,4299,1011,5042 25,U+17762,lã,la̱ṃ¹,a place name,山名
𘏐,5307,2761,8240 80,U+183D0,ɣwie,ġhwai̱¹,power; force,勢
𗬢,2472,5642,2244 22,U+17B22,gjwɨ,gwə¹,firm; solid,堅
𗤂,3201,3488,2742 20,U+17902,dji,di²,complete,
𗲌,1530,4969,1774 42,U+17C8C,mja,ma¹,river,河
𗋽,3058,4282,2724 40,U+172FD,zjɨ̱r,rzər²,water,水
𗫉,2480,3672,2244 22,U+17AC9,bie̱j,mbae̱¹,entertaimnent,快、娛
𘏻,5489,2784,8545 70,U+183FB,rjur,rur²,a surname,族姓
𗱲,1072,4917,1724 20,U+17C72,djụ,duh¹,a surname,
𗃛,3554,4128,2825 00,U+170DB,ljow,loṃ¹,a transliteration,族姓“梁”
𗣆,3277,3919,2744 00,U+178C6,tshja,tsha²,a transliteration,族姓
𗡰,0357,1172,1144 20,U+17870,lia̱,nlla¹,a surname,族姓、人名
𗩿,2067,3378,2141 00,U+17A7F,sji,si²,a surname,族姓
𗡧,0703,1187,1344 20,U+17867,dzji̱,ndzi²,to conceal,
𘁂,5314,2156,8244 00,U+18042,ˑja,ya²,a transliteration,族姓
𗔴,4712,2045,8021 40,U+17534,ˑjur,ryur²,a surname,族姓
𗸰,1258,1088,1742 24,U+17E30,tow,to̱ṃ¹,a surname,族姓
𗥬,3623,3664,2842 20,U+1796C,ˑjij,ye¹,a surname,
𘀄,4031,3964,4149 00,U+18004,gju̱,ŋgu²,lucky,瑞；吉
𗙹,1369,3324.0,1744 22,U+17679,lhowr,rlho̱ṃr²,the moon,
𗋙,1989,4241,2121 21,U+172D9,wjɨ,və²,a surname,族姓
𘝙,5164,1789,8141 14,U+18759,dzow,dzo̱ṃ¹,a surname,
𗥵,3341,3843,2744 42,U+17975,khə,qhə̱²,a surname,
𗬆,2439,3562,2244 00,U+17B06,phe,phi̱¹,a surname,
𗰰,1264,4705,1742 24,U+17C30,kjir,rkir²,a surname,雙、族姓
𗓚,4737,1936,8021 54,U+174DA,ma,ma̱²,to apply; to daub,抹(借詞)；塗、著
𗊻,3772,4304,2921 40,U+172BB,śjo,śo²,sweat; perspiration,汗 weat
𘅚,0874,4721,1544 00,U+1815A,dəj,de̱ṃ¹,a surname,族姓
𗯦,4872,2471,8041 00,U+17BE6,ljɨj,leṃ²,a surname,族姓
𗁠,2389,1609,2204 50,U+17060,wow,vwo̱ṃ²,a surname,族姓
𘃣,5574,2426,8725 25,U+180E3,wji,vi²,a surname,族姓
𗆌,2837,1444,2505 27,U+1718C,bu,bu̱¹,a transliteration,29族姓
𗥰,3284,3804,2744 00,U+17970,lja,la²,a transliteration,
𗥝,2637,3696,2342 50,U+1795D,du̱,ndu̱¹,slave; servant,奴(借詞)、佣人；族姓
𗤦,3676,3660,2844 20,U+17926,śiə,ṣaə̱²,a surname,
𗤿,2127,3364,2141 40,U+1793F,lhjɨ,lhə¹,a surname,族姓
𗙴,0177,0015,1121 24,U+17674,rar,ra̱r¹,patriarchal clan; surname,姓、名、姓名
𘊕,2891,5801,2545 70,U+18295,dźẽ,,a surname,族姓
𘎙,5454,2457,8441 42,U+18399,khiew,qhai̱w²,a surname,族姓
𗦰,2120,3733,2141 25,U+179B0,śiar,rṣaa̱r¹,a surname,族姓
𘂠,5885,1736,9274 44,U+180A0,low,llo̱ṃ¹,to exchange,換
𗣹,3120,3782,2741 22,U+178F9,tsji,tsi²,a surname,換
𘜻,0536,0421,1243 00,U+1873B,phia,phaa̱¹,a surname,琶(借詞)；姓
𘞰,5761,2616,8844 20,U+187B0,lji,li²,a surname,
𘛀,3889,2971,3224 20,U+186C0,bji̱j,mbe²,a surname,族姓
𗸹,0493,1108,1224 20,U+17E39,sjɨ,sə²,a surname,爽
𗭫,3870,3038,3141 25,U+17B6B,pji,pi¹,a surname,
𗁍,1925,1561,2101 42,U+1704D,bju,bu¹,a surname,族姓
𗤹,3121,3783,2741 22,U+17939,ɣju,ghu¹,a surname,壑、坑坎
𘝕,3823,2937,3024 00,U+18755,nej,ne̱²,a surname,
𗑫,5031,2032,8071 22,U+1746B,bə,bə̱¹,a transliteration,
𘔒,0547,1212,1244 00,U+18512,njij,ne²,a surname,
𘚦,4561,0564,7224 40,U+186A6,bja,ba²,a surname,
𗣑,2284,3399,2145 20,U+178D1,du,du̱²,a surname,
𗯶,5405,2831,8345 25,U+17BF6,ma,ma̱²,a surname,族姓
𗨵,2607,3784,2341 21,U+17A35,kjwɨ̣,kwəh¹,a surname,
𗣱,2854,3832,2541 00,U+178F1,dzjị,dzih²,to cover; to overspread,遮；族姓
𘜈,0570,5172,1244 20,U+18708,dźio,dẓao̱¹,a surname,
𘑼,0794,4575,1441 22,U+1847C,ror,ro̱r²,a surname,
𗒅,4867,2025,8041 00,U+17485,śjɨr,rśər¹,a surname,族姓
𗥺,3229,3912,2742 24,U+1797A,ŋwə̱,ŋŋwə̱¹,to chant incantation,□
𗓧,4938,1985,8042 40,U+174E7,ɣa,ġha̱¹,a surname,
𗒑,4940,2078,8042 40,U+17491,ˑjɨ,yə²,a transliteration,族姓
𗂩,2714,1579,2401 45,U+170A9,rur,ru̱r¹,a surname,
𘜇,1218,5170,1742 00,U+18707,tśhio,tṣhao̱¹,a surname,族姓
𘉘,4562,1644,7224 42,U+18258,zər,rzə̱r²,a surname,族姓
𗓔,4832,1797,8024 42,U+174D4,tshjij,tshe¹,a surname,
𗔹,4835,1870,8024 44,U+17539,ˑjijr,ryer¹,a surname,
𗮖,5529,2273,8722 24,U+17B96,śjwi,świ²,a surname,族姓
𗫃,2885,3689,2545 47,U+17AC3,phow,pho̱ṃ¹,a surname,族姓
𘋺,5297,2235,8224 50,U+182FA,śio̱w,śuo¹,a surname,族姓
𗛹,4169,1018,5024 00,U+176F9,tshow,tsho̱ṃ¹,desolate and boundless,荒、空；族姓
𗹸,2717,1284,2401 54,U+17E78,lhio̱w,lhuo¹,grave,墓、塚；族姓
𘕼,5469,2193,8525 47,U+1857C,gju,gu²,a surname,族姓
𘅊,0273,4715,1141 22,U+1814A,lej,le̱¹,a surname,族姓“賴”
𗒔,4828,2090,8024 24,U+17494,ŋjow,goṃ²,a surname,族姓
𗎁,1082,0304,1724 20,U+17381,rjir,rir²,a surname,
𗥡,3566,3593,2841 00,U+17961,lu,lu̱²,a surname,族姓、地名
𗤕,2469,3740,2244 20,U+17915,tsã,tsa̱ṃ¹,to burst; to blast,
𘉗,4590,1646,7525 47,U+18257,ˑio̱w,yuo¹,a surname,族姓
𗢻,,,,U+178BB,,,,
𗫲,3094,3561,2740 00,U+17AF2,khjij,khe¹,a surname,
𗥚,3281,3949,2744 00,U+1795A,zjwị,zwih²,to give birth,
𗳩,1668,5384,1841 00,U+17CE9,ˑo,wo̱¹,a surname,
𗍾,0745,0302,1421 22,U+1737E,wjij,ve²,a surname,族姓
𗎯,2835,1261,2505 17,U+173AF,wju,vu²,a transliteration,族姓
𘑻,1389,4574,1744 40,U+1847B,djị,dih²,a surname,族姓
𗩙,2667,3701,2344 22,U+17A59,phu,phu̱¹,a surname,34 族姓
𘄀,1013,4344,1722 22,U+18100,tśju,tśu¹,a surname,族姓、人名
𗸟,0533,3749.0,1241 17,U+17E1F,,ŋġa̱¹,,
𗩫,3168,3807,2741 50,U+17A6B,mjɨ̱,mmə¹,woman; the female,"女、婢 girl, woman"
𗂓,2838,1240,2505 47,U+17093,tew,ti̱w¹,a transliteration,族姓
𗣡,3115,3547,2741 20,U+178E1,thjɨ,thə²,a surname,
𗍀,0789,0649,1441 22,U+17340,ɣu,ġhu̱²,a surname,隱蔽、羞愧
𘛯,5551,2513,8724 20,U+186EF,gu̱,ŋġu̱¹,a surname,族姓
𗑐,4788,2079,8022 50,U+17450,lew,li̱w²,a surname,族姓
𗒉,5044,1951,8074 42,U+17489,la,la̱¹,a transliteration,族姓
𗯒,5964,1682,9772 44,U+17BD2,tsha,tsha̱²,a transliteration,族姓
𘂋,5849,1734,9171 42,U+1808B,ze,zi̱²,a surname,族姓
𗃞,3732,4077,2871 24,U+170DE,kə,qə̱¹,puppy,
𗗿,1312,5369,1744 00,U+175FF,ta,ta̱¹,dog,
𗴂,1572,5461,1795 00,U+17D02,phiow,phao̱ṃ¹,white,白 white
𗧇,2755,3646,2441 22,U+179C7,lwər,rlwə̱r²,a surname,族姓
𗿿,2463,5648,2244 32,U+17FFF,djij,de¹,sage; able and virtuous person,
𗏥,2488,5573,2244 40,U+173E5,lju̱,nllu²,a surname,族姓
𘎧,5156,2687,8141 00,U+183A7,wa,vwa̱¹,a transliteration,
𗰞,0176,4479,1121 24,U+17C1E,nja̱,naw¹,dark,黑 black
𗦗,2670,3441,2344 24,U+17997,so,so̱²,man,陽
𗰦,1595,4480,1821 24,U+17C26,lwo,lwo̱¹,dim; dusky,黑、暗、濁、穢、不淨
𗹿,2834,1288,2504 50,U+17E7F,dej,de̱¹,a transliteration,族姓
𗥼,3654,3917,2842 54,U+1797C,ˑja,a¹,monk; Buddhist monk,阿
𗐐,3423,5559,2775 40,U+17410,xjow,hoṃ¹,fragrant,杳(借詞)
𘄍,1637,4348,1824 20,U+1810D,ba,ba̱²,a transliteration,
𘇜,1121,5433,1725 00,U+181DC,be,bi̱²,a surname,族姓
𗹻,3512,1297,2804 50,U+17E7B,dew,di̱w¹,a surname,族姓
𘖌,5619,2526,8742 20,U+1858C,mjɨ,mə²,naughty children,兒、童
𘁛,5525,1919,8722 22,U+1805B,zjɨ̣,zəh¹,children,童、兒、子
𗼎,3752,3536,2884 20,U+17F0E,mjɨ,mə²,a surname,
𗾧,3296,5745,2744 00,U+17FA7,nja̱,naw²,a surname,
𗹡,1959,1267,2102 55,U+17E61,kjir,rkir¹,brave; violent,勇、剛、猛、強
𗄎,0142,0053,1054 20,U+1710E,ljị,llih²,brave,健
𘕂,3852,2942,3121 40,U+18542,dźjij,dźe¹,to go; to parade,行；遊；巡；進；踐
𗚷,4361,0988,5044 24,U+176B7,tśhjɨ,tśhə¹,a surname,
𗟓,4389,0952,5051 54,U+177D3,tã,ta̱ṃ¹,a transliteration,族姓
𗭞,3912,2994,3324 22,U+17B5E,bji,bi²,step; pace,步、足
𗄖,0123,0044,1044 20,U+17116,dźji,,to walk; to go,行、步、徒
𘙊,1762,5006,1844 20,U+1864A,lwẹ,llwi̱h²,slow; lazy,遲
𘐀,5233,2653,8144 00,U+18400,phə,phə̱¹,Tibetan,羌、土蕃、藏
𘜗,0747,4914,1421 22,U+18717,mja̱,mma²,many; much,多、頗
𗢳,2852,3464,2540 00,U+178B3,tha,tha̱¹,Buddha,佛
𗗆,1489,4641,1771 42,U+175C6,sẽ,si̱ṃ¹,Buddhist monk,僧(借詞)
𗴢,3419,3086,2774 42,U+17D22,bju̱,mbu¹,to respect; to revere,貴、重、敬
𘂜,5882,1760,9274 42,U+1809C,zar,rza̱r¹,Han,漢
𗄊,0010,0006,1021 22,U+1710A,zji,zi²,all; completely,皆、咸、周、俱、具、悉、總
𗪙,2764,3703,2441 24,U+17A99,mur,rmu̱r¹,vulgar,凡、俗、愚
𘝞,4797,1955,8024 00,U+1875E,ˑjwɨr,rywər²,writing,文
𘟠,1338,4394,1744 20,U+187E0,dzu,dzu̱¹,to love; to like,"愛、樂、喜 to love, to like"
𗬋,2062,3376,2140 00,U+17B0B,ɣwej,ġhwe̱¹,a surname,
𗬊,3564,3398,2840 00,U+17B0A,ɣwə,ġhwə̱¹,a surname,
𗌙,3065,4259,2724 42,U+17319,lhju,lhu¹,milk; butter,乳
𗤰,2739,3911,2440 27,U+17930,tśhjwɨr,rtśhwər²,vinegar,醋、酸；漿
𗋁,1996,4154,2121 24,U+172C1,djij,de²,to drink,飲；漿
𗄽,3763,1391,2902 25,U+1713D,śiã,ṣaa̱ṃ¹,hill; mountain,山(借詞)
𗱀,1794,4804,1854 00,U+17C40,ˑo,wo̱¹,host; master,主
𘌄,5922,1689,9722 21,U+18304,ɣow,ġho̱ṃ¹,buckwheat,蕎麥155
𗦿,3803,3583,2944 00,U+179BF,pjɨj,peṃ¹,border,邊(借詞)、側、際、界、境
𗠼,4616,0553,7724 42,U+1783C,lji̱j,nlle²,tasty; delicious,嗜好
𘑲,1030,4521,1722 24,U+18472,tśjow,tśoṃ¹,a surname,族姓“張”
𗷮,0403,0324,1151 50,U+17DEE,wow,vwo̱ṃ¹,a surname,漢族姓“王”
𗕌,1148,4389,1740 00,U+1754C,źjĩ,źiṃ¹,a surname,族姓
𗤛,2649,3717,2344 20,U+1791B,tśjow,tśoṃ¹,a surname,族姓
𘅧,0576,4752,1244 22,U+18167,kjwi,kwi¹,honorable,貴(借詞)、人名
𘝾,1142,4784,1740 00,U+1877E,ljị,li²,a surname,族姓
𘕹,5093,2188,8121 44,U+18579,tśhjiw,tśhiw¹,a surname,族姓“趙”
𘛫,5259,2500,8221 22,U+186EB,ljiw,liw¹,a transliteration,族姓“劉” family name Liou
𘄊,0938,4361,1721 22,U+1810A,lji,li¹,prosperous; flourishing,盛、榮、增、長大
𘒂,0683,4748,1342 20,U+18482,xia,haa̱¹,a transliteration,譯音字、族姓、地名
𘄱,1234,4775,1742 20,U+18131,thjɨj,theṃ¹,a transliteration,族姓、地名、舍
𗶩,2574,4024,2310 00,U+17DA9,thji,thi²,land,地(借詞)
𗳷,1796,5428,1854 20,U+17CF7,tśhjụ,tṣhau̱h¹,to lure,誘、降
𗁬,2559,1584,2302 42,U+1706C,thow,tho̱ṃ¹,a surname,族姓、地名
𗣭,3193,3798,2742 20,U+178ED,tshjĩ,tshiṃ¹,a surname,漢族姓
𗩇,2872,3475,2542 22,U+17A47,wẽ,vwi̱ṃ¹,a surname,漢人姓、人名
𘈫,0546,1197,1244 00,U+1822B,ˑu,wu̱²,a surname,譯音字
𗵸,0817,0023,1441 44,U+17D78,xjij,he¹,a surname,族姓
𗤩,3628,3659,2842 22,U+17929,ɣjwã,ghwaṃ¹,a surname,族姓“阮、袁、原、苑”等
𗶃,1733,0151,1844 00,U+17D83,tśji,tśi²,a surname,至(借詞)
𗷭,0830,0355,1451 50,U+17DED,kjĩ,kiṃ¹,a transliteration,譯音字
𗷲,1478,0369,1755 50,U+17DF2,gjĩ,giṃ¹,a transliteration,驗 (借詞)
𗁬,2559,1584,2302 42,U+1706C,thow,tho̱ṃ¹,a surname,族姓、地名
𗼽,3799,4015,2942 74,U+17F3D,sew,si̱w²,small,簫(借詞)
𗑃,5055,1804,8091 00,U+17443,tśjĩ,tśiṃ¹,a transliteration,譯音字
𗶡,5491,2638,8710 00,U+17DA1,xu,hu̱¹,a transliteration,族姓
𗥻,2771,3914,2441 25,U+1797B,phie,phai̱¹,a surname,族姓“白”
𗱭,1227,4941,1742 20,U+17C6D,śjiw,śiw²,a transliteration,人名
𗞖,4329,0822,5044 00,U+17796,xjwĩ,fiṃ¹,a transliteration,分(借詞)；地名。
𘐤,5737,2722,8842 20,U+18424,tshwej,tshwe̱¹,a transliteration,漢族姓“崔”
𗜫,4293,1007,5042 24,U+1772B,sji,si¹,west,西(借詞)
𗊧,1990,4145,2121 22,U+172A7,tśhjwã,tśhwaṃ¹,river; plain,川(借詞)
𗏆,2052,3126,2124 24,U+173C6,xiwã,hwaa̱ṃ¹,a transliteration,梵
𘍑,5267,2339,8221 50,U+18351,ljɨj,leṃ¹,a transliteration,族姓、地名
𗓽,4710,1873,8021 40,U+174FD,lo,lo̱¹,a transliteration,郎(借詞)
𗬐,2460,3750,2244 00,U+17B10,sə,sə̱¹,a transliteration,
𗌔,3537,4205,2822 74,U+17314,thwã,thwa̱ṃ²,a surname,族姓“段”
𘀏,3909,2876,3324 20,U+1800F,pu,pu̱¹,a surname,35 族姓，尊長之頌語
𗍏,0586,0660,1244 40,U+1734F,sju,su²,a transliteration,譯音字胥
𗜪,4348,1009,5044 20,U+1772A,lew,li̱w¹,building,樓(借詞)
𗽕,2780,4043,2441 40,U+17F55,kiow,qao̱ṃ²,valley,岬、江【漢語借詞】
𗽮,3669,4012,2844 00,U+17F6E,na,na̱¹,south,南(借詞)、族姓、地名
𗑰,4769,1778,8022 28,U+17470,tshej,tshe̱¹,property; wealth,財(借詞)
𘕘,5925,1724,9722 22,U+18558,tsə,tsə̱¹,a transliteration,譯音字
𗣛,2074,3555,2141 20,U+178DB,kew,qi̱w¹,a surname,族姓“高”
𗭯,5471,2141,8525 70,U+17B6F,ˑjow,yoṃ¹,a surname,
𗕾,1484,4648,1771 20,U+1757E,kju,ku¹,a transliteration,譯音字，用於寫真言，族姓、地名
𗂎,2387,1229,2204 44,U+1708E,tshjɨj,tsheṃ²,purple; violet,青(借詞)、紫
𘌜,5970,1693,9821 24,U+1831C,pie,pai̱¹,wide; broad,
𗩩,3135,3796,2741 24,U+17A69,wjã,vaṃ²,a surname,人名“萬”
𗌃,2012,4171,2121 42,U+17303,tũ.,tu̱ṃh¹,winter,冬(借詞)
𗣟,3630,3514,2842 24,U+178DF,wjijr,rver¹,divination,卦；卜；兆；占
𗗧,5910,5469,9451 40,U+175E7,kia,qaa̱¹,price,價(借詞)
𗃠,2527,4075,2270 28,U+170E0,ne̱j,nne̱²,imperial court,內(借詞)
𗰍,5630,2844,8742 24,U+17C0D,dźiew,dẓai̱w¹,to be worried about,煩惱
𘂦,5916,1761,9471 44,U+180A6,xã,ha̱ṃ¹,a transliteration,譯音字
𗫍,2152,3691,2141 42,U+17ACD,śji,śi¹,a transliteration,譯音字，漢族姓
𗼵,2635,4019,2342 40,U+17F35,xjow,hoṃ²,a transliteration,族姓
𗽰,2138,4004,2141 40,U+17F70,bu̱,mbu̱²,grave; mausoleum,墓(借詞)
𗦃,3617,3762,2841 74,U+17983,xwej,hwe̱²,a surname,會(借詞)
𗺁,1936,1307,2101 57,U+17E81,xiəj,hae̱ṃ²,a surname,族姓
𗉔,0707,5534,1344 20,U+17254,tśjiw,tśiw¹,a transliteration,州(借詞)
𘓾,4660,0575,7842 44,U+184FE,ˑjã,yaṃ¹,a transliteration,城名、地名
𘊇,3774,3167,2922 42,U+18287,śjow,śoṃ¹,to guard,監；族姓
𗌵,1306,0650,1744 00,U+17335,kjow,koṃ¹,a surname,族姓“龔”。
𗰂,5595,2839,8741 22,U+17C02,xwo,hwo̱²,a transliteration,活(借詞)
𗥑,3118,3552,2741 22,U+17951,xu,hu̱¹,a surname,55 族姓、地名
𗄋,0052,0052,1024 40,U+1710B,źji,źi¹,a transliteration,人姓名
𘍨,5222,2396,8142 40,U+18368,xji,hi¹,happy; pleased,喜(借詞)；族姓、人名
𗷌,4494,1048,6044 20,U+17DCC,te,ti̱¹,to run,奔走、駭奔
𗑌,4866,2001,8041 00,U+1744C,kiej,qae̱¹,incomplete; fragmentary,疏；差；缺
𘝻,1034,4547,1722 40,U+1877B,kwo,qwo̱¹,a surname,
𗑪,5045,1987,8074 42,U+1746A,kjwĩ,kwiṃ¹,a man of noble character; a man of virtue; gentleman,君(借詞)
𗴼,0006,0201,1021 10,U+17D3C,khjiw,khiw²,a transliteration,
𗇊,3836,2897,3052 00,U+171CA,thjij,the²,a transliteration,鐵(借詞)
𘏸,5442,2770,8441 22,U+183F8,śiə,ṣaə̱¹,to send; to let somebody do,使(借詞)
𗨝,3249,3810,2742 42,U+17A1D,śjĩ,śiṃ¹,body,身(借詞)；族姓
𘎫,5157,2644,8141 00,U+183AB,kji,ki¹,a transliteration,記(借詞)
𗐾,4921,2095,8052 14,U+1743E,swẽ,swi̱ṃ¹,a surname,族姓
𗊡,3540,4227,2824 00,U+172A1,xa,ha̱¹,a surname,族姓、地名
𗊛,3045,4185,2724 20,U+1729B,tshew,tshi̱w¹,a transliteration,族姓“曹”
𗚿,4153,0687,5022 24,U+176BF,ljiw,liw²,to gather; to assemble,
𗤡,3590,5687,2841 40,U+17921,gji̱,ŋgi¹,a surname,族姓
𗫐,3342,3805,2744 42,U+17AD0,su,su̱¹,a surname,獨，族姓
𘝗,3939,2940,3525 47,U+18757,ˑjiw,yiw¹,a surname,族姓
𘟒,5494,2130,8711 21,U+187D2,xwe,hwi̱²,a surname,族姓
𗜀,4324,1032,5044 00,U+17700,tsew,tsi̱w¹,alcoholic drink; wine,酒(借詞)。
𗊺,3024,4295,2722 20,U+172BA,xa,ha̱²,a surname,族姓
𘃻,0494,4354,1224 20,U+180FB,ˑjĩ,yiṃ¹,a surname,族姓
𘔜,0298,1213,1141 40,U+1851C,tśhjĩ,tśhiṃ¹,a surname,譯音字，用於寫族姓、地名
𗒫,4695,1854,8021 24,U+174AB,gji̱w,ŋgiw¹,a transliteration,人名
𗭴,5087,2144,8121 40,U+17B74,ˑjow,yoṃ¹,a surname,
𗪨,2259,3681,2144 22,U+17AA8,miej,mae̱²,a transliteration,族姓“孟”
𘊴,3951,2960,3722 40,U+182B4,thu,thu̱¹,to talk; to speak,31 設、制、安、建、施、結(呪 )
𗋖,2042,4152,2124 00,U+172D6,kia,qaa̱²,duck,鴨
𘚥,4579,0563,7421 40,U+186A5,lju,lu²,a surname,族姓“呂”
𘓣,2736,4130,2421 50,U+184E3,bia̱,mbaa̱²,a surname,族姓
𗒯,4807,1994,8024 20,U+174AF,khji,khi¹,to lose,"拂； 落、令失落 let fall, cause to lose"
𗦵,2177,3941,2141 70,U+179B5,pə,pə̱¹,big; thick,大 big
𗨍,2476,3620,2244 22,U+17A0D,xiwa,hwaa̱¹,flower; grass,花(借詞)
𗽭,3601,4010,2841 40,U+17F6D,khew,qhi̱w²,opening; entrance; ferry crossing,口(借詞)
𗱒,0914,4883,1721 00,U+17C52,gie̱j,ŋġae̱¹,a place name,硃226
𗜰,4305,0773,5042 40,U+17730,tsũ,tsu̱ṃ¹,a surname,族姓、地名。
𗾶,3808,5701,2945 74,U+17FB6,xju,hu¹,void; empty,虛(借詞)
𗘼,0775,0119,1424 20,U+1763C,giu̱,ŋgu¹,a transliteration,譯音字
𗳟,1720,5392,1842 40,U+17CDF,wəj,vwe̱ṃ¹,a transliteration,族姓
𗳶,1456,5425,1754 20,U+17CF6,tśhie,tṣhai̱¹,a surname,譯音字，用於寫經典中真言，又用於族姓
𗓷,4686,2043,8021 22,U+174F7,khjwã,khwaṃ¹,a surname,族姓
𘑣,0881,4436,1545 70,U+18463,sjij,se²,a surname,族姓
𗐹,4760,1859,8022 24,U+17439,ˑã,ġha̱ṃ¹,a transliteration,族姓：安
𘅰,0866,4725,1541 25,U+18170,ɣu,ġhu̱¹,a surname,貊
𘃳,1429,4453,1751 00,U+180F3,kjiwr,kiw¹,a transliteration,譯音字
𗟤,0714,0320,1344 40,U+177E4,tśiew,tṣai̱w¹,to whisk or wipe off; ox,拂慰
𗬭,3745,5812,2875 20,U+17B2D,dźja̱,ndźa²,a surname,族姓
𗊄,3046,4159,2724 20,U+17284,tjɨj,teṃ¹,a nail,釘(借詞)
𗺹,3379,3269,2745 45,U+17EB9,xew,hi̱w¹,a kind of grass,
𗁪,1982,1581,2105 45,U+1706A,thew,thi̱w²,a transliteration,族姓
𗰹,1476,4797,1755 20,U+17C39,tsow,tso̱ṃ²,a surname,譯音字
𗳣,0275,5380,1141 22,U+17CE3,bji̱,mbi²,to cover,隱、蔽、藏
𗦺,2651,3716,2344 20,U+179BA,phã,pha̱ṃ¹,a surname,族姓“潘”
𘄋,0225,4341,1124 22,U+1810B,ɣjɨ,ghə¹,to marry,族姓
𘗧,1851,4333,1925 22,U+185E7,zjwị,zwih¹,to marry,
𗖏,0429,4612,1171 20,U+1758F,njwo,nwo²,former times,昔、宿、前；古；高、上
𗨤,2179,3839,2141 72,U+17A24,dzjo,dzo²,ceremony,
𘟂,0508,0197,1224 24,U+187C2,ŋwu,ŋwu̱²,to be,是、也、為 to erb to be
𗶚,0213,0277.0,1122 50,U+17D9A,njij,ne¹,relative,近；親 near
𗼍,3436,3339,2784 20,U+17F0D,sa̱,nsa̱¹,very close relative,
𘖏,5374,2524,8341 20,U+1858F,mjɨ,mə¹,right now; this time,
𗩹,3289,3891,2744 00,U+17A79,ˑji,yi¹,now; this moment,
𗅔,1943,1348,2102 22,U+17154,nja̱,naw²,be not,不是；非
𗦡,2234,3505,2144 00,U+179A1,ˑjow,yoṃ²,relatives,
𗷾,1465,0384,1754 50,U+17DFE,ljịj,lleh¹,to wait upon; to serve,奉
𗣃,3195,3815,2742 20,U+178C3,gjwi,gwi²,word; sentence,句；詞
𘒥,0483,5249,1220 57,U+184A5,phjɨ̱,mphə¹,to flatter,差遣 to send
𗷇,4490,1038,6042 70,U+17DC7,phji̱,mphi²,to flatter; to fawn,差遣 to send*
𘁶,5292,1907,8224 25,U+18076,dzjɨ,dzə¹,complete,皆全
𗜌,4386,0974,5051 22,U+1770C,,,complete; all,
𗩨,3315,3797,2744 22,U+17A68,tsə̣,tsə̱h¹,color,色
𘄽,0685,4727,1342 22,U+1813D,ŋạ,ŋa̱h²,good; kind,好 good
𗤄,2082,3415,2141 21,U+17904,ˑjɨr,ryər¹,to ask; to inquire,問 to ask
𘔫,0214,1132,1122 52,U+1852B,lụ,llu̱h²,impoverished,貧
𗴽,0011,0203,1021 22,U+17D3D,lo,loṃ?,rich,富
𗼕,2342,0211.0,2182 24,U+17F15,ljo,lo¹,good fortune,福、祐
𘋟,5825,1766,9121 52,U+182DF,rewr,ri̱wr²,bank; shore; limit,岸；階(=S1765)
𘋻,5708,2234,8822 54,U+182FB,źju,źu²,difference,欠
𗁜,2713,1509,2401 44,U+1705C,wjor,rvor¹,backbone,梁、背
𗍂,0377,0651,1144 42,U+17342,njwij,nwe¹,larynx; throat,喉、項
𗄑,0027,0004,1022 22,U+17111,ŋowr,rŋo̱ṃr²,all; each and every,皆
𘋩,5447,2114,8441 40,U+182E9,do,do̱²,a suffix,於、處、所、入、在
𗫡,2679,3671,2344 42,U+17AE1,njɨ,nə²,to arrive; to spread,至、到；遍、及、普 to arrive
𗚉,4172,0746,5024 20,U+17689,ˑju,yu²,people; person; man,
𘛢,5264,2354,8121 42,U+186E2,mjijr,rmer¹,soldier; person,人、士
𗾖,2628,5714,2342 20,U+17F96,go̱r,rgor¹,man; male,男、君、士、雄
𗡸,0243,1168,1141 00,U+17878,sji,si²,daughter-in-law,"女、婦 girl, woman*"
𗋅,3078,4179,2725 25,U+172C5,lwu,lwu̱¹,to mix; to blend,混和、亂
𗡄,4513,0503,7121 42,U+17844,dzji,dzi²,to drink; to eat; food,飲、食
𘋳,5598,2633,8741 40,U+182F3,gjwi,gwi²,clothes; clothing,"衣服 to put on clothes, to wear (clothes)"
𘝵,1245,4412,1742 22,U+18775,ˑjij,ye¹,self; oneself,"自、己 self. One, own, reflexive pronoun"
𗯩,5165,2816,8141 20,U+17BE9,twụ,twu̱h¹,each; place,各；互；處
𘋦,5617,2626,8742 20,U+182E6,źia̱,nẓaa̱²,to exert,敬；謹慎；努力
𗴟,3425,3090,2775 42,U+17D1F,pja,pa¹,father,爸
𗐎,3391,5568,2750 00,U+1740E,pjɨ,pə¹,father,
𘄄,1085,4359,1724 20,U+18104,zji,zi¹,man; male,男
𘃾,0239,4342,1129 20,U+180FE,lhjɨ,lhə¹,grandson or grand-daughter,孫
𗖍,0837,4586,1471 40,U+1758D,lja̱,nlla¹,praise; eulogy,頌、偈
𗴺,0092,0245,1041 40,U+17D3A,mja,ma¹,mother,母 mother
𘖖,5162,2518,8141 00,U+18596,mjɨ,mə¹,mother,
𗕪,0960,4336,1721 25,U+1756A,mjịj,meh¹,woman; female,"女 woman, girl"
𗧎,3361,3806,2745 00,U+179CE,kiẹj,qae̱h¹,sisters,妹
𘇒,4063,5312,4724 20,U+181D2,wier,rvwai̱r¹,to cherish; to treasure,愛、惜、寶、貴、顧、親
𗃆,1894,1515,2101 20,U+170C6,ˑjar,ryar¹,daughter-in-law,"媳；嫁 daughter, be married to"
𘔯,4040,1287,4244 40,U+1852F,khju̱,ŋqhau̱¹,to greet,迎
𘊻,3986,2957,3822 42,U+182BB,njɨ,nə¹,mother-in-law,
𗓢,4893,2030,8041 22,U+174E2,wjɨ,və¹,mother-in-law,
𘗕,5464,2439,8521 50,U+185D5,źiejr,rẓae̱r²,to live; to reside,住、居、安
𗑇,4820,1846,8024 22,U+17447,mạ,ma̱h¹,son-in-law; husband,婿 son-in-law
𗀇,0005,1060,1021 10,U+17007,gjow,goṃ¹,be able to; can; to defeat,強(借詞)；勝
𗓉,4869,2099,8041 00,U+174C9,kjɨ,kə¹,father-in-law,
𗵑,0154,0224,1095 00,U+17D51,ˑo,wo̱¹,old man,公、父
𗖭,1821,4626,1872 40,U+175AD,nju̱,nnu²,happy; joyous,悅
𘗠,5689,2468,8754 50,U+185E0,ɣa,ġha̱¹,door; gate; room,門 door
𗯴,5399,2821,8344 22,U+17BF4,khju,khu¹,below; under; underneath,間；下
𘓐,2541,4105,2274 50,U+184D0,dzjwo,dzwo²,person,"人、者 man, person"
𗿦,3334,5695,2744 40,U+17FE6,mja,ma¹,female; woman,女、雌
𗄻,2699,1420,2401 22,U+1713B,nwə,nwə̱¹,to know; to realize,知
𗞝,4115,0681,5021 24,U+1779D,gjij,ge²,wilderness; open field,曠、村、野
𘒣,1045,5251,1722 50,U+184A3,dạ,da̱h²,speech; word,言、話、語 say
𗔒,4945,1802,8042 80,U+17512,wə,vwə̱¹,husband,夫 husband
𗪯,2455,3897,2241 27,U+17AAF,gji,gi²,wife; concubine,
𗋳,3553,4151,2824 44,U+172F3,kwã,qwa̱ṃ¹,tube,鑵、罐(借詞)、汲水時井中取水之用
𗗌,1537,4653,1774 70,U+175CC,go,ġo̱¹,house,
𗅁,2983,1454,2705 25,U+17141,ˑu,wu̱²,inner; inside,中、內；於；裡
𗘂,1200,5353,1741 25,U+17602,khjwɨ,khwə¹,dog,狗
𗍟,1769,0655,1844 40,U+1735F,djɨ,də²,to defend,守
𗙿,1756,0061,1844 20,U+1767F,ˑju,yu²,to guard; to defend,守
𗫌,2862,3682,2541 25,U+17ACC,nji,ni¹,family; house,家；舍； 里；都
𗬫,2533,5807,2274 22,U+17B2B,djɨr,rdər²,surface,外、表
𘝚,5817,1726,9121 17,U+1875A,kjwir,rkwər¹,to steal; to pilfer,賊 steal
𗵢,0134,0164,1045 25,U+17D62,ˑju,yu²,to look; to see; to observe,視、望、仰 to look
𘀂,3415,5632,2774 20,U+18002,khu,qhu̱¹,detestion,8 厭嫌
𗟀,4385,0945,5051 20,U+177C0,rar,ra̱r²,mortgage; pawn,信物
𘏒,5390,2804,8344 00,U+183D2,phie,phai̱²,to untie; to relieve,"開；解 to release, to open"
𗁅,3485,1545,2804 00,U+17045,lạ,lla̱h¹,hand,手；臂 band
𘅇,1734,4743,1844 00,U+18147,tji,ti¹,a prefix representing no,勿、莫；無
𗋐,2724,4262,2421 22,U+172D0,tśhju,tśhu¹,to generate; to have,懷；生；活 contain
𘑄,5336,2745,8244 40,U+18444,du,du̱¹,to prohibit; to ban; to resist,"沈；推 to push down, to sink"
𘂆,5815,1730,9072 40,U+18086,tsjɨ,tsə¹,also; too; small,小；助辭；亦；復；雖 small
𘋫,5375,2119,8341 22,U+182EB,tśja,tśa¹,to bend; to inverse; to topple and fall,轉、倒、傾側
𘖑,5643,2530,8744 00,U+18591,mjɨ,mə¹,no; not,不、無、未 not
𗳢,0303,5378,1141 41,U+17CE2,dźjij,,to agree; to permit,肯、可
𘒹,1763,5373,1844 20,U+184B9,lhu,lhu̱²,to increase; to add,閏
𘍞,5258,2350,8221 22,U+1835E,ˑiọ,wo̱h¹,round; ring; courtyard; all,凡；圓；院、堂
𗣷,3194,3881,2742 20,U+178F7,lhə,lhə?,full; packed; satisfied,備、足、滿、充
𘞙,1582,0396,1814 20,U+18799,gjịj,geh¹,profit; benefit,利
𘞚,0740,0397,1411 22,U+1879A,bji̱j,mbe¹,times,倍
𘞙,1582,0396,1814 20,U+18799,gjịj,geh¹,profit; benefit,利
𗂆,2939,1566,2702 40,U+17086,zjịj,zeh¹,to hit; to touch; to fit exactly,著；滯；中
𘞫,5368,2506,8324 42,U+187AB,gjiwr,rgiwr²,a bit of; a drop of,丸、滴
𘃸,0496,4791,1224 20,U+180F8,ljịj,lleh¹,prosperous,盛；益
𘘘,1348,4839,1744 20,U+18618,sa,sa̱¹,a currency unit,緡
𗃰,3397,4119,2271 24,U+170F0,xej,he̱¹,sea,海(借詞)
𘐾,5482,2680,8542 22,U+1843E,ka,qa̱¹,to stir; to mix; to twist,攪；結合
𗻤,2501,3294,2244 40,U+17EE4,śiwə,ṣwaə̱¹,coral,鼠
𗅎,3490,1400,2804 20,U+1714E,khiwə,qhwaə̱¹,coral,
𗖤,1831,4621,1875 50,U+175A4,tu̱,ntu̱¹,to look for,
𘏲,5742,2724,8842 40,U+183F2,tsji̱r,rtser¹,to select; to choose,舉；擇
𗧛,3712,3758,2844 72,U+179DB,gjịj,geh¹,to select; to choose,擇
𗡦,0592,1182,1244 40,U+17866,ˑjɨr,ryər²,a necklace of precious stones,瓔
𗙲,1634,0013,1824 20,U+17672,rer,ri̱r²,jade necklace; net,網、珞、縵
𘏠,5457,2670,8441 50,U+183E0,tsjọ,tsoh²,to penetrate; to pass through,貫
𗵁,0153,0225,1094 00,U+17D41,khu,qhu̱¹,bluish green,碧
𗊏,2583,4240,2324 00,U+1728F,njị,nih²,pearl,珠
𗲈,0933,4905,1721 22,U+17C88,ɣjiw,ghiw²,a round flat piece of jade with a hole in its centre,玉
𗐴,4681,1832,8021 22,U+17434,nju,nu¹,ear,耳 ear
𘍧,5118,2348,8122 22,U+18367,mja,ma¹,earrings,環
𗳔,5988,5341,9874 42,U+17CD4,dźjwa,dźwa¹,hairpin,釵
𗶧,2397,3515,2210 00,U+17DA7,dźjwi,dźwi²,bed,□、床；持；負
𗳑,5859,5340,9172 44,U+17CD1,bẹ,bi̱h¹,hairpin,錍
𘑢,0682,4432,1341 50,U+18462,khjwɨ,khwə¹,wrist,臂
𗔨,4896,1976,8041 22,U+17528,tśiə,tṣaə̱²,to twine,纏
𗵒,0152,0226,1092 00,U+17D52,kiẹ,qai̱h¹,gold,金
𘊟,3572,5774,2841 21,U+1829F,ŋwo,ŋwo̱²,silver,銀 silver
𘀭,3934,3060,3441 40,U+1802D,kiwej,qwae̱²,true; precious,珍、真、實
𘏨,5655,2718,8744 20,U+183E8,ljɨ̣,lləh¹,treasure,寶 treasure*
𗿷,3126,5753,2741 22,U+17FF7,dźjij,dźe²,to have; to possess,有、感 to have
𗆄,2984,1448,2705 25,U+17184,pjụ,puh¹,measure; price,量；價 price
𗹭,1890,1309,2101 00,U+17E6D,bjij,be²,tall,高、嚴 high
𗔇,4730,1968,8021 50,U+17507,ˑụ,wu̱h²,storehouse; warehouse,庫；藏
𗜦,4226,0900,5041 20,U+17726,ljwị,llwih¹,to fall in; to sink; to enter,入；繫、解
𗔠,4732,1967,8021 52,U+17520,sju,su¹,to store; to save,"藏；懷 to hoard, to conceal"
𗭄,4757,3976,8022 24,U+17B44,tjɨ̣j,teṃh¹,satin,綾
𗭀,4749,3973,8022 22,U+17B40,rjɨj,reṃ²,silk; satin,
𗬻,4748,3971,8022 22,U+17B3B,ko̱r,rkor¹,brocade,(上聲)錦
𘖙,5249,2469,8151 00,U+18599,no,no̱²,a unit of measurement for rolls of cloth or silk,疋
𗒜,4970,2207.0,8044 20,U+1749C,dźjwa,dźwa¹,band; belt,
𗍅,0270,0619,1141 22,U+17345,kjɨ̱r,rkər¹,craftsman; craftsmanship,工、匠
𗾤,3600,5688,2841 40,U+17FA4,ɣju,ghu¹,to ask; to call,請
𗅭,3505,1352,2804 25,U+1716D,ŋewr,rŋi̱wr¹,to chop; to cut,裁、斷、割
𘅤,1715,4711,1842 22,U+18164,rjar,rar¹,to write,書、寫
𗂶,2568,1557,2304 40,U+170B6,rər,rə̱r¹,to stitch; to sew,縫
𗵩,0120,0254,1044 00,U+17D69,low,llo̱ṃ²,a lined Chinese-style coat or jacket,
𗊬,3027,4196,2722 22,U+172AC,kụ,qu̱h²,lining; inside,裏、內；答；布
𗨬,3287,3872,2744 00,U+17A2C,rur,ru̱r¹,narrow,狹、隘
𘖎,5395,2525,8344 20,U+1858E,wjịj,veh¹,short; brief,短
𘝇,1281,0420,1742 40,U+18747,śjwi̱,nświ²,gentle; harmonious,順、應、和雅、稱
𘗷,0713,4788,1344 25,U+185F7,njɨ,ṇə¹,skirt,裙
𘅸,1388,4755,1744 40,U+18178,lji̱,nlli¹,trousers; pants,裙、褲 erousers
𘙲,0443,5109,1171 45,U+18672,dźjo,dźo¹,long,長(借詞)
𘌅,5864,1698,9224 20,U+18305,zjij,ze¹,extensive; wide; vast,寬、闊；博、惇
𗵐,0139,0230,1051 22,U+17D50,nej,ne̱²,safety,安、利、易、善
𗏩,2671,5585,2344 25,U+173E9,bə,bə̱²,an old-fashioned belt,
𘄚,0712,4423,1344 25,U+1811A,du,du̱²,a kind of Chinese-style underwear,肚(借詞)
𗏘,3273,5621,2744 00,U+173D8,ɣar,rġha̱r²,chest; thorax,胸 thest (body)
𗅾,2915,1403,2701 24,U+1717E,no,no̱¹,rib,
𗹰,2569,1305,2304 50,U+17E70,tśjɨ̣,tśəh¹,to encircle; to go round,圍
𗭓,3860,2975,3124 20,U+17B53,ɣiej,ġhae̱¹,shoes,鞋(借詞)
𗺏,4058,3111,4704 14,U+17E8F,ˑjɨj,yeṃ²,socks,襪、屨
𘅗,1321,2977.0,1744 00,U+18157,zjị,zih¹,boots,"靴、鞋 (n.) teather shoes, boots"
𗭒,3990,2989,3824 20,U+17B52,khjɨ,khə¹,foot,腳、足
𘋯,5650,2120,8744 20,U+182EF,ˑjɨj,yeṃ²,bag; sack,袋、囊、函 bag
𗀐,0143,1056,1071 44,U+17010,dźjij,dźe¹,cold,"寒 cold, cool*"
𘙧,1212,5018,1741 44,U+18667,gjwi,gwi¹,fur coat,"衣 our clothes, fur coat"
𘘤,1153,4990,1740 00,U+18624,dźji,dźə¹,skin; fur,皮 skin
𗓺,4957,1799,8044 00,U+174FA,wə,vwə̱¹,fur-lined jacket,
𘇞,1116,5436,1724 50,U+181DE,be,bi̱²,fur; leather,
𗼮,3431,3330,2781 24,U+17F2E,dzjụ,dzuh²,rain,雨 rain
𗬟,2745,5643,2441 22,U+17B1F,zer,rzi̱r²,to expose to sunlight,？
𗻡,3344,3276,2744 42,U+17EE1,lhọ,lho̱ṃh¹,blanket,毯
𗓴,4838,2094,8024 50,U+174F4,phə,phə̱²,a kind of clothing making of crude gunny,褐
𗓶,5006,2082,8045 20,U+174F6,lo,lo̱²,shirt made by rough cloth,
𗐲,5042,2034,8074 20,U+17432,bə,bə̱¹,soft,
𗳀,4074,5310,4744 22,U+17CC0,mej,me̱²,soft,
𘇹,0544,5140,1244 00,U+181F9,śiə,ṣaə̱¹,string; thread,線、縷
𘑒,5662,2788,8744 22,U+18452,kə,qə̱¹,bag; sack,連袋
𗡱,1871,1174,1942 74,U+17871,sjij,se¹,thin; tiny,細(借詞)
𗁲,2563,1517,2304 20,U+17072,mej,me̱²,hair; feather,毛
𘁀,3872,3056,3141 42,U+18040,kjir,rkir¹,woolens,紡績
𘉷,2594,3170,2324 40,U+18277,kjwɨ̱r,rkwər¹,a kind of coarse cloth,褐
𘀿,4004,3052,3844 40,U+1803F,no̱,nno̱²,a kind of bag,連袋264、袋
𘐊,5760,2723,8844 20,U+1840A,tshu,tshu̱¹,rough,98 粗(借詞)
𘕰,5814,1664,9055 00,U+18570,phu,phu̱²,tree,樹 tree
𗰸,0390,4795,1151 00,U+17C38,khjwɨ,khwə¹,to cut; to break,"折；伐；卻；斷 to cut, to behead"
𗃔,0853,4315,1525 00,U+170D4,tsewr,rtsi̱wr²,axe; hatchet,斤
𘟬,5203,2600,8141 42,U+187EC,wjị,vih¹,axe; hatchet,斧 axe
𗥦,2750,3619,2441 22,U+17966,ɣu,ġhu̱¹,head,頭 head
𘎬,5241,2651,8144 40,U+183AC,kjwị,kwih²,to harvest; to collect; to reap,採；割、刈
𘗋,4999,2582,8044 50,U+185CB,gjịj,geh¹,to cut; to clip; to shave,剪
𗆨,2968,1471,2704 25,U+171A8,mjịj,meh²,laborer; physical labor,體
𗪺,3354,3409,2744 55,U+17ABA,ɣie,ġhai̱¹,power; strength,力；工
𘞯,5436,2617,8441 00,U+187AF,dźjị,dźih²,sickle,鎌
𗽁,2871,3989,2542 00,U+17F41,ɣjɨ̣,ghəh¹,tile; pottery,瓦
𗚜,4413,0993,5074 00,U+1769C,pju,pu²,to burn; to ignite,燒、燃
𗉺,1987,4161,2121 00,U+1727A,śia,ṣaa̱¹,sand,沙(借詞)
𘂯,5388,2382,8344 00,U+180AF,bo̱,mbo̱²,a transliteration,族姓
𘄴,1319,4773,1744 00,U+18134,tshji,tshi¹,to desire; to want,要；從事
𗇈,2730,3103,2421 40,U+171C8,khwa,qhwa̱²,cloth,布
𗰷,1431,4798,1751 27,U+17C37,zwər,rzwə̱r¹,to rinse; to wash,洗、洗卻 wash
𘐬,5481,2683,8542 00,U+1842C,bo,bo̱²,cane; stick,杖
𗜽,4283,0828,5042 00,U+1773D,rjɨr,rər¹,to flog; to torture; to beat,打擊
𗋂,2417,4191,2224 22,U+172C2,śjwo,śwow¹,to need; to want,"用 to use, to need"
𘖯,4814,2591,8024 20,U+185AF,rjɨr,rər²,a kind of container to cook,鐺、釜、鑊
𘗂,5010,2583,8045 74,U+185C2,tshow,tsho̱ṃ²,an ancient cooking vessel with two loop handles and three or four legs,鼎234；甑
𘛈,3867,3019,3141 20,U+186C8,kia,qaa̱¹,household utensils; containers,
𘛇,3879,3020,3144 40,U+186C7,gju,gu²,utensils,器
𗜆,4154,0938,5022 40,U+17706,lhjịj,lheh¹,bowl,盔
𗝎,4189,0918,5024 25,U+1774E,khu,qhu̱¹,bowl,梡、□、碗
𘐋,5724,2731,8841 21,U+1840B,wjụ,vuh¹,ladle; scoop,杓
𘏹,5583,2774,8741 00,U+183F9,tsə̣,tsə̱h¹,chopsticks,
𗜻,4368,0816,5044 40,U+1773B,dwu,dwu̱²,chopsticks,箸
𗜾,4330,0827,5044 00,U+1773E,ˑjị,yih¹,ladle; scoop,
𗿅,3657,5691,2842 80,U+17FC5,ˑjɨ,yə¹,marriage; matchmaker; relatives by marriage,
𗑟,4989,2000,8044 40,U+1745F,wjɨ̣,vih¹,relatives,親厚、友
𗟇,4273,1012,5041 52,U+177C7,tsə̣,tsə̱h¹,tea,茶
𗊖,2045,4176,2124 20,U+17296,ˑo,wo̱²,wine,"酒 wine, liquor"
𗪟,2103,3615,2141 22,U+17A9F,ɣu,ġhu̱¹,the beginning of,始、先、首、初
𘚕,0200,0398,1122 20,U+18695,low,llo̱ṃ²,relatives,
𗠇,4508,0476,7121 40,U+17807,tjị,tih¹,to eat; food,食、飯食：
𘌐,5868,1701,9225 27,U+18310,khie,qhai̱²,rice,米
𘌕,5822,1697,9121 24,U+18315,dźio̱w,dźuo²,wheat flour; powder,麵156
𗰁,5176,2819,8141 21,U+17C01,dźio̱w,dźuo²,can; may,堪；可
𗰃,5186,2826,8141 24,U+17C03,tshjɨ,tshə²,salt,鹽 salt
𗆀,1915,1456,2101 25,U+17180,ˑu,wu̱²,salt,
𘟌,0512,0408,1224 44,U+187CC,tsar,rtsa̱r¹,pepper,椒
𗜨,4380,0893,5045 75,U+17728,mə,mə̱²,a kind of plant,
𗟑,4239,0888,5041 22,U+177D1,ˑji,yi¹,a kind of tree,
𘟡,1265,4396,1742 24,U+187E1,lhə,,butter; cheese,蘇、酥
𘝖,3954,2941,3722 40,U+18756,ˑjiw,yiw¹,oil; fat; grease,譯音字；族姓；油(借詞)
𗒞,5018,1790,8051 24,U+1749E,na̱,nna̱²,vegetable,菜
𗢫,2185,3373,2142 00,U+178AB,lhjɨ,lhə¹,cheese,酪
𗌘,2009,4220,2121 41,U+17318,njwɨ,nwə¹,butter,酪
𗞣,4253,0875,5041 40,U+177A3,ɣjɨ,ghə¹,farm animal; ox; cattle,牛
𘁐,4875,2165,8041 00,U+18050,bju,bu²,ox,牛
𗷬,1449,0370,1752 54,U+17DEC,tśhjwor,rtśhwor²,servant,僮、奴僕、奴
𘆤,0212,5202,1122 50,U+181A4,śio̱w,śuo¹,to raise domestic animals,畜養，餵飼草
𘃝,5071,2409,8121 22,U+180DD,wji,vi¹,to send; to dispatch; to benefit from,"用、遣 to use, to send out"
𘅮,0868,4720,1541 40,U+1816E,tsowr,rtso̱ṃr¹,pounding; to pestle,
𗲳,1254,4933,1742 24,U+17CB3,dźjwɨr,rdźwər¹,mill; millstones,磑
𗸳,1695,4048,1841 40,U+17E33,lã,la̱ṃ¹,widowed; alone,寡
𗷆,4489,1035,6042 22,U+17DC6,phji̱,mphi¹,to make; to enable; to cause,使 to send*
𘜬,4503,1030,6824 50,U+1872C,kiej,qae̱²,to send; to tell somebody to do,
𗇇,3538,3104,2824 00,U+171C7,xwa,hwa̱¹,monk,和(借詞)
𗀒,0068,1066,1041 00,U+17012,śjow,śoṃ²,Buddhist monk,尚(借詞)
𗖰,0437,4600,1171 40,U+175B0,lwər,rlwə̱r²,sutra; scripture,經
𗚩,4343,0994,5044 20,U+176A9,lhejr,re̱r²,road; way,道；經
𗗈,1814,4628,1871 41,U+175C8,do,do̱¹,to read,讀(借詞)
𗡚,4569,0514,7321 42,U+1785A,tsew,tsi̱w²,fast,齋
𘃪,5712,2417,8824 20,U+180EA,dźjwa,dźwa¹,end,已、極、畢、竟
𗅖,1944,1371,2102 22,U+17156,zji,zi¹,alms,布施
𘈈,2047,4124,2124 20,U+18208,mji,mmi¹,to hand out; to bestow,施、與
𗭻,5522,2266,8722 20,U+17B7B,lji̱j,nlle²,to wait; to stay; to expect,待、伺 wait
𗥞,2776,3732,2441 40,U+1795E,gju̱,ŋgu²,to rescue; relieve,救
𗹙,0467,1143,1191 40,U+17E59,tsji̱r,rtser¹,method; art; skill,法
𗵫,0109,0207,1042 40,U+17D6B,gjịj,geh¹,constellation,星、宿star
𗼈,2546,3306,2284 20,U+17F08,njạ,nah¹,god; deity,"神 god, deity"
𗴿,0105,0236,1042 20,U+17D3F,kjụ,kuh¹,to pray,求、乞；供
𗦻,2639,3722,2342 82,U+179BB,mji̱j,mme²,name; title,名；號、字
𗖟,0435,4639,1171 40,U+1759F,kjạ,kah¹,musical instrument; instrument,歌
𗏣,3349,5615,2744 50,U+173E3,rjijr,rer²,direction,
𘕴,5894,1666,9351 52,U+18574,dzjɨj,dzeṃ²,corner,方、矩；隅、角、維
𘈨,1747,0431,1844 14,U+18228,nur,rnu̱r¹,to indicate; to guide,指
𘛡,5094,2195,8121 44,U+186E1,dźjị,dźih¹,feast; banquet,筵
𗀔,0089,0074,1041 40,U+17014,tśhja̱,tśhaw¹,above; on,上、于、於、在
𗐽,5034,2067,8072 00,U+1743D,tshow,tsho̱ṃ¹,singer; actor,樂 music
𗸦,0545,1087,1244 00,U+17E26,dźjwu,dźwu¹,human being; person,"人 man, person*"
𘗒,5146,2433,8124 52,U+185D2,bju,bu²,to call; to summon; to invite,罪(借詞)
𗴨,1493,4140,2772 20,U+17D28,sjɨ̣,səh¹,to die,死
𘐩,5607,2791,8741 50,U+18429,phjɨ,phə¹,to lose; to discard; to abandon,出；捨；失、棄
𗼡,3439,3337,2784 20,U+17F21,pjịj,peh¹,wizard,禳、怕
𗦹,2625,3715,2342 20,U+179B9,wji,vi¹,visitor; guest,客
𘒇,1526,5160,1774 40,U+18487,tshji,tshi²,to wait upon; to serve,侍
𗣂,3114,3825,2741 20,U+178C2,lhjɨ,lhə¹,a kind of shell which looks like a jade; dress and personal adornment; dress,精神好
𗾿,3160,5731,2741 42,U+17FBF,rjir,rir²,a kind of shell which looks like a jade; dress and personal adornment; dress,
𘆻,1658,5206,1824 52,U+181BB,tshew,tshi̱w²,bridle,轡336
𘜯,4214,0928,5041 00,U+1872F,ˑjị,yih²,saddle,鞍
𗗣,5845,5473,9154 40,U+175E3,lwə,lwə̱²,trade,賣
𗸺,0485,1107,1221 20,U+17E3A,sjwɨ,swə²,felt; rug,氈
𗤞,2643,3723,2344 00,U+1791E,pjɨj,peṃ¹,tent,帳 tent
𘗶,0803,4789,1441 25,U+185F6,rjar,rar²,horse,馬
𗶤,0475,5231,1210 00,U+17DA4,lju,lu¹,felt; mat,席、氈、布、茵蓐 bedding
𗓨,5028,1941,8054 50,U+174E8,bẹ,bi̱h²,to seek; to look for,
𘎗,5667,2453,8744 42,U+18397,lhjɨ̣,lhəh¹,bow; crossbow,弓
𗮆,5710,2259,8824 20,U+17B86,ljị,llih¹,arrow,箭、矢
𘟞,5037,2570,8072 40,U+187DE,bjɨr,rbər¹,knife; sword,刀226 the nife
𘟫,5205,2601,8141 44,U+187EB,ɣạ,ġha̱h¹,sword; saber; weapon,劍；戟；武
𗜈,4401,0944,5055 20,U+17708,zow,zo̱ṃ²,to hold; to grasp,受、執、主、計、有、守、操、持 drasp*
𗳳,0612,5424,1254 20,U+17CF3,śiə,ṣaə̱¹,to guide,伴、引導 to lead
𗀚,4507,0008,1021 40,U+1701A,śio,ṣao̱¹,to guide; to lead,導、引、將
𗩵,3304,3859,2744 20,U+17A75,bə,bə̱²,a place name,
𘕿,5856,1763,9171 45,U+1857F,ɣa,ġha̱²,a preposition,上；中；於；從
𗶷,4481,1052,6041 20,U+17DB7,śjɨ,śə¹,to go toward; to depart,往、至、詣、入、向 to*
𗻧,2160,3232,2141 42,U+17EE7,śjij,śe¹,barley,大麥154
𘌋,5926,2306.0,9724 20,U+1830B,lhjị,lhih¹,wheat,
𘌙,5829,1699,9125 25,U+18319,dwu,dwu̱²,beans,豆
𘞵,0596,4847,1244 40,U+187B5,dzja,dza¹,to grow,長；增
𗧪,2892,3476,2549 00,U+179EA,pej,pe̱¹,first,頭胎；族姓
𘌑,5827,1688,9124 20,U+18311,so,so̱²,maize,粟155
𘌉,5866,1690,9224 22,U+18309,kwo,qwo̱¹,millet,□ 155、黍、粢
𘌖,5824,1694,9121 24,U+18316,źjwɨr,rźwər¹,husked sorghum; maize,秫(借詞)
𘇲,0632,5103,1274 42,U+181F2,we,vwi̱¹,ripe; cooked,"熟 cooked, ripe"
𗏻,2274,5606,2144 41,U+173FB,dźjɨr,rdźər²,to bear lately,晚產
𗵞,0106,0251,1042 24,U+17D5E,śio̱w,śuo¹,cereal; grain,斛
𘌎,5905,1708,9421 24,U+1830E,śji,śi²,corn; grain,縠
𘘔,0339,4837,1142 40,U+18614,dźja̱,dźaw¹,a grain measure unit,斛
𗝏,4237,0706,5041 22,U+1774F,dụ,du̱h²,a unit of measurement,斗、枓
𗚻,4100,0675,5021 20,U+176BB,śjɨj,śeṃ²,litre; a unit of measurement,栱、升
𘖾,4745,2574,8022 20,U+185BE,ŋur,rŋu̱r¹,a kind of mineral to smelt copper,鍮
𘟪,4995,2599,8044 40,U+187EA,śjow,śoṃ¹,iron,鐵 iron
𘏬,5592,2715,8741 20,U+183EC,ka̱r,ŋqa̱r¹,steelyard,秤
𗰚,0755,4492,1421 24,U+17C1A,ljɨ̱,nllə¹,a unit of weight,斤
𗍬,4048,0598,4421 40,U+1736C,lju,lu²,a unit of weight,兩
𘇽,0695,5138,1344 00,U+181FD,no̱,nno̱²,brown,褐
𗬼,4772,3978,8022 40,U+17B3C,ˑjɨr,ryər²,silk,絹、繒、綵、帛
𗁞,2973,1599,2704 50,U+1705E,tśhja̱,tśhaw²,"cui, a traditional unit of length",尺(借詞)
𗀻,2979,1598,2705 00,U+1703B,tshjwĩ,tshwiṃ¹,"cun, a traditional unit of length",寸(借詞)
𘑐,5477,2674,8541 22,U+18450,rjijr,rer²,to measure,量
𗫤,3252,3852,2742 42,U+17AE4,nju,nu²,many; much,大、多
𘜔,0497,4915,1224 20,U+18714,ŋewr,rŋi̱wr²,number; numeral,數；每；等、若干 the number
𗄾,2931,1378,2702 22,U+1713E,sej,se̱¹,to calculate; to count,羖□164
𗪕,3577,3403,2841 22,U+17A95,bji̱,mbi²,to count; to calculate,算數
𘏫,5474,2711,8541 20,U+183EB,ˑjia,haa̱²,to fall,降、覆
𘁟,5419,1899,8421 24,U+1805F,do,do̱²,uneven; irregular; different,差、異、殊、別
𗂙,2365,1503,2204 22,U+17099,pha,pha̱¹,difference,別、避、異；隨(=1498)
𗿸,3703,5661,2844 44,U+17FF8,we,vwi̱²,name; title,諱(借詞)、號
𘞪,5356,2507,8321 42,U+187AA,tjịj,teh¹,only; unique,一、獨
𘈩,0100,1075,1042 00,U+18229,lew,li̱w¹,one,一
𗌾,1269,0656,1742 40,U+1733E,thjwɨ,thwə²,to combine; to concentrate,
𗏱,3313,5618,2744 22,U+173F1,ljị,llih²,to combine; to gather,結合
𗡞,0359,1183,1144 20,U+1785E,tụ,tu̱h¹,thousand,千 WT stong thousand*
𘊝,2798,5770,2441 50,U+1829D,ˑjir,ryir²,hundred,百 thundred
𗦲,2618,3753,2341 40,U+179B2,rjir,rir²,a hundred million,億
𘃃,5768,2384,8844 50,U+180C3,zewr,rzi̱wr²,leopard,豹；麋 leopard
𘃁,5605,2635,8741 50,U+180C1,rjɨj,reṃ²,bear,熊
𗁮,3465,1582,2801 42,U+1706E,tśhji,tśhi¹,meat,肉 beat
𗊴,2734,4221,2421 44,U+172B4,sjij,se¹,blood,血
𗠣,4667,0502,7922 42,U+17823,bọ,bo̱ṃh²,to eat; food,食
𗗶,1666,5351,1841 00,U+175F6,nə,nə̱²,fox,沙狐
𗗱,1870,5356,1942 74,U+175F1,dźiə,dẓaə̱¹,fox,野狐
𗝚,4379,0849,5045 45,U+1775A,sjɨ,sə¹,firewood,蔬、草木
𗉝,0585,5516,1244 24,U+1725D,śjị,śih²,grass; cogongrass,草
𘕤,5346,2173,8254 50,U+18564,ˑju,yu²,to seek; to look for; to search,尋、索、求
𗰆,5167,2843,8141 20,U+17C06,lhja,lha¹,deer,鹿
𘖂,5194,2863,8141 40,U+18582,ŋewr,rŋi̱wr²,roebuck,□
𗝠,4250,0881,5041 40,U+17760,sji,si¹,tree; wood,木、樹、材、薪
𗓰,4693,2055,8021 24,U+174F0,na,na̱¹,deep,深、玄 deep
𘄔,0989,4399,1722 10,U+18114,piəj,pae̱ṃ²,to flee; to escape,逃
𗲞,1093,5183,1724 22,U+17C9E,rar,ra̱r¹,hill; mountain,山
𗅺,2367,1386,2204 22,U+1717A,tshjɨ,tshə¹,goat,羊
𘟀,0046,0195,1024 20,U+187C0,ljij,le²,to see,見、覩 to see
𗈱,5913,5489,9451 50,U+17231,rjar,rar¹,an auxiliary word,
𗣈,2797,3916,2441 50,U+178C8,lho,lhow?,to go out,出
𗣎,3217,3359,2742 22,U+178CE,rar,ra̱r²,water spring,泉
𗊓,3011,4312,2721 40,U+17293,mə,mə̱²,fountainhead; well-spring,泉
𗌹,0558,0625,1244 20,U+17339,njijr,rner¹,wild animal,野
𘚽,2402,3955,2221 11,U+186BD,ljwɨ̣,llwəh¹,to run; to speed,馳；獸；驟
𗳪,0793,5386,1441 22,U+17CEA,zer,rzi̱r²,to ask for aid,絕
𘕺,5503,2189,8721 42,U+1857A,gju,gu¹,canal; ditch,渠(借詞) ditch
𗊯,2004,4199,2121 25,U+172AF,khja,kha²,well,井 the well
𗫑,2786,4022.0,2441 42,U+17AD1,nju,nu²,livestock; domestic animal,
𗣖,2183,3504,2142 00,U+178D6,śio̱w,śuo¹,familiar,熟(借詞)、相識、熟悉
𗠰,4658,0510,7825 45,U+17830,thji,thi¹,to drink; to eat,笛(借詞)；飲
𗗵,1195,5350,1741 24,U+175F5,khie,qhai̱²,yak,犛
𗅠,1909,1389,2101 24,U+17160,gur,rġu̱r¹,ox,牛
𗜍,4225,0981,5041 20,U+1770D,sja,sa¹,to kill; to slaughter,殺 to kill*
𗁷,1922,1549,2101 40,U+17077,khia,qhaa̱¹,to shoot; to fire,射 shoot
𗣓,2144,3401,2141 41,U+178D3,gie,ġai̱¹,hard; difficult,難
𗅻,2910,1387,2701 22,U+1717B,tshjɨ,tshə¹,lamb,羖□164
𗂽,3452,1512,2801 22,U+170BD,ˑjij,ye²,sheep,羊164 sheep
𘙣,0716,5016,1344 40,U+18663,śji̱,nśi¹,to kill,"屠、殺、宰；犧牲 to butcher, to slay"
𗈶,5918,5480,9551 22,U+17236,sjɨ,sə¹,to die,死
𗧙,3196,3865,2742 20,U+179D9,ljɨ,llə²,easy,易
𘆮,0194,5204,1121 54,U+181AE,tśjị,tśih²,impediment; burden,輜
𗔩,4900,1977,8041 24,U+17529,ɣiẹj,ġhae̱h²,to transport; to freight,運
𘃿,0660,2134.0,1324 22,U+180FF,la,la̱²,camel,駱駝
𘀤,3996,2901,3841 22,U+18024,djɨ,də²,camel,
𗸆,1467,0374,1754 50,U+17E06,khjow,khoṃ¹,strong; powerful,強、彊、壯
𘆦,0520,5208,1224 52,U+181A6,dze̱j,ndze̱¹,horse for riding,"騎 to ride, rider, horseman"
𘊹,3985,2955,3821 40,U+182B9,kja̱,kaw¹,foundation; basis; burden,"腳(借詞) foot, leg"
𗫾,3779,3585,2940 00,U+17AFE,ljɨ̣,lləh²,hare; donkey,
𗽜,3293,4029,2744 00,U+17F5C,we,vwi̱²,donkey,驢
𗤨,3570,3657,2841 20,U+17928,dźju,dźu²,timid; weak,弱、劣、恇、賤、罷、疲
𘓸,0231,0453,1124 42,U+184F8,ɣjɨr,rghər¹,vulture,鷲
𘝆,0301,0419,1141 40,U+18746,lạ,lla̱h¹,vulture,鷹、鵰、鵠
𘝁,0673,0417,1341 00,U+18741,thə,thə̱²,wing,翼、翅、羽
𘝍,1420,0426,1745 74,U+1874D,tśjụ,tśuh²,wing,翼
𗇅,4560,1620,7221 70,U+171C5,tśhjɨ,tśhə¹,narrow,狹
𗇼,1189,4540,1741 22,U+171FC,gjwã,gwaṃ²,goat,
𗈟,1104,4461,1724 40,U+1721F,tjij,te²,wild goat,
𗅡,,,,U+17161,,,,
𗖚,0835,4646,1471 22,U+1759A,sa,sa̱²,to report; to plan,接；連
𘞤,4874,1821,8041 00,U+187A4,low,lo̱ṃ²,wide; vast,闊 、廣
𗺱,2500,3295,2244 40,U+17EB1,śiwə,ṣwaə̱¹,mouse; rat,鼠
𗗺,1310,5364,1744 00,U+175FA,ljɨ̱,nllə¹,wolf,狼164
𗠉,4543,0484,7124 42,U+17809,mər,rmə̱r¹,lips,唇、嘴
𗽿,2632,4063,2342 24,U+17F7F,dzu,dzu̱²,pointed; tapering,尖、銳
𗉖,1861,5522,1942 24,U+17256,tshjɨj,tsheṃ¹,small; thin,細、微
𗢸,2246,3420,2144 20,U+178B8,lja̱,llaw²,mouth,口
𘐙,5334,2694,8244 40,U+18419,dzwə,dzwə̱¹,to arrest; to catch,捉
𘘄,0169,4679,1121 22,U+18604,śjwi,świ¹,tooth; blade,齒；刃
𘟗,0039,0264,1022 44,U+187D7,kowr,rqo̱ṃr²,tooth,牙
𗹠,2716,1276,2401 52,U+17E60,rjijr,rer¹,skilful; ingenious,巧；良；利
𗔓,4961,1813,8044 00,U+17513,,,to borrow,
𗀓,0147,1124,1072 41,U+17013,śjij,śe²,to request; to beg,娶；乞；索
𗟫,0306,0306,1141 42,U+177EB,njir,rnir²,to borrow; to loan,"權、借、貸、藉 to borrow, lend"
𘆏,1514,5187,1773 22,U+1818F,ljɨ̱,nllə¹,to suppress; to put down,回；迴；逆；攝；報 return
𗆮,2912,1442,2701 22,U+171AE,lhjwo,lhow¹,to return; to retreat,退、還；歸
𗞞,4342,0693,5044 14,U+1779E,dja,da²,an auxiliary word,動詞詞頭 refix
𘓯,1105,0464,1724 42,U+184EF,khjow,khoṃ¹,to give; to grant,與、授
𗌮,1543,4141,2775 50,U+1732E,mjor,rmor¹,true; closes,"現；實 true, real"
𗝿,4269,0690,5041 44,U+1777F,tśhjij,tśhe¹,to hold; to grasp,奪、持去、載、吹、捨
𗒐,5030,2074,8055 20,U+17490,ɣiwej,ġhwae̱¹,to receive; to accept,受
𗃮,3407,4091,2772 40,U+170EE,dźiow,dẓao̱ṃ²,plaint; certificate,狀(借詞)
𗖖,0733,4632,1374 20,U+17596,njɨ̣,nəh¹,to tell; to inform,告
𗅮,2830,1354,2502 20,U+1716E,dju,du¹,to announce; to accuse,告
𗢴,2187,3349,2142 20,U+178B4,rjijr,rer²,to call out; to shout,命；呼
𗌭,1542,4139,2775 50,U+1732D,ku,qu̱¹,so,"獨 28B1(助詞)則、故 then, therefore"
𗹬,3469,1272,2801 51,U+17E6C,sjij,se²,passion; knowledge,"識、情 know,knowledge"
𘓟,3744,4100,2874 52,U+184DF,dźiej,dẓae̱²,faith; trust,信
𗏶,2769,5598,2441 25,U+173F6,phjo,pho¹,a kind of tool for divination,卜
𘓤,2021,4129,2121 52,U+184E4,wạ,vwa̱h²,pawnshop; to gurantee; to inspect; to examine,負、荷 to carry on the shoulder
𗟻,0749,0447,1421 22,U+177FB,phji,phi¹,to make,令、教
𗱽,1092,4882,1724 22,U+17C7D,dzjɨ,dzə¹,to prepare; to get ready,供
𘞹,1156,4925,1740 00,U+187B9,djɨ,də²,to prepare,
𗕹,0456,4592,1174 40,U+17579,tjạ,tah¹,to answer,交
𗷾,1465,0384,1754 50,U+17DFE,ljịj,lleh¹,to wait upon; to serve,奉
𘅍,0705,4724,1344 20,U+1814D,zjịj,zeh¹,time; times,"時、則 when, (postposition)"
𘒩,0524,5250,1224 57,U+184A9,dzju,dzu¹,to admonish; to instruct,旨、教、命、令
𗠪,4520,0488,7121 45,U+1782A,bji,bi²,to command; to direct,敕、告敕、令。
𗖜,0462,4602,1179 00,U+1759C,tjạ,tah¹,to force; to compel,
𘔨,0638,1122,1294 00,U+18528,njij,ne²,to compel,逼、驅
𗴐,2320,3072,2171 42,U+17D10,ɣar,rġha̱r¹,urgent,緊；甚、楚、嚴、酷、峻
𘄇,0166,4355,1121 22,U+18107,mjị,mih¹,to inform,告、報、呼
𗄭,1941,1366,2102 22,U+1712D,dzjɨ̣,dzəh²,to gather,集、聚；俱
𘜤,2521,3094,2250 22,U+18724,xja,ha¹,very fast; rapid,疾、早、速、急
𘊐,2219,5794,2142 40,U+18290,kjij,ke¹,respectfully; near; close,動詞詞頭 prefix
𗴛,2331,3073,2174 42,U+17D1B,tśjwow,tśwoṃ²,to contribute,貢奉、施
𘍴,5065,2481,8121 20,U+18374,ljị,llih¹,to sink into; to lapse into,深入、墮
𗏫,2273,5604,2144 41,U+173EB,lụ,llu̱h²,stem; stalk,植；柄、竿、莖
𘞌,0902,4972,1710 00,U+1878C,źjɨr,rźər¹,solid; true,實；重
𗠷,4592,0487,7621 40,U+17837,phjo,pho²,to distinguish; to differentiate,
𗷎,4480,4506.0,6041 00,U+17DCE,kar,rqa̱r²,to separate; to distinguish,
𘂱,5599,2389,8741 40,U+180B1,bo̱,mbo̱¹,color,色
𘂁,5225,2330,8142 44,U+18081,śiew,ṣai̱w²,color,色
𗏺,3706,5614,2844 50,U+173FA,rjijr,rer²,an auxiliary word,動詞詞頭
𗮒,5077,2271,8121 24,U+17B92,mjɨ,mə¹,to puzzle;to confuse; to have no idea,迷惑
𗕽,1817,4622,1872 20,U+1757D,dạ,da̱h²,to know; to realize; to understand,誤、錯
𗗦,5950,5470,9754 00,U+175E6,phə,phə̱¹,price; value,價值 price
𘔭,1604,1133,1821 51,U+1852D,dzjɨj,dzeṃ¹,money,錢
𗉡,1750,5523,1844 20,U+17261,kiew,qai̱w²,uneven; inconsistent,交(借詞)
𗆊,3458,1433,2801 24,U+1718A,kia,qaa̱¹,uneven; to fight,
𗘢,1004,5450,1722 22,U+17622,tśhjɨj,tśheṃ¹,thin; rare,微薄
𘗜,5098,2437,8121 52,U+185DC,ŋjow,goṃ²,file; filing room,
𗫞,2772,3617,2441 25,U+17ADE,dzjị,dzih²,to stand up,吏；住；立
𗘯,2536,3070,2274 40,U+1762F,wjij,ve²,a modal auxiliary,動詞詞頭，使、令
𗡢,0702,1186,1344 20,U+17862,tjo̱,nto¹,to look for; to seek,找、尋
𗡠,0271,1184,1141 22,U+17860,mjijr,rmer²,to seek; to find,
𗹳,2715,1304,2401 52,U+17E73,dźjij,dźe²,principle; discipline,歷
𗁦,3506,1232,2804 40,U+17066,bjịj,beh¹,to promote; to raise,高、加、任
𗺉,4018,3109,4101 12,U+17E89,tśhji,tśhi²,base; origin,根、本；典
𘗐,4841,2431,8025 00,U+185D0,djij,de²,an auxiliary word,動詞詞頭，令、當、且、假、雖
𘐏,5449,2779,8441 40,U+1840F,tjị,tih¹,to place; to put; to set up,"列、安置、置 to put, to place"
𘎤,5300,2704,8240 20,U+183A4,tjɨ,tə¹,if,"一；若 one, if"
𗓱,4978,2071,8044 20,U+174F1,tjij,te¹,if; maybe; perhaps,若、或
𗋸,3527,4250,2821 40,U+172F8,mja,ma¹,an auxiliary word,語助詞，表示推測
𘚌,4022,0671,4121 12,U+1868C,rejr,re̱r²,to stop; to stagnate,
𗃣,2537,4114,2274 40,U+170E3,rjir,rir²,to stagnate; to leave over; to remain,遺；餘；滯
𗴒,2539,3080,2274 42,U+17D12,kjạ,kah¹,to fear; to dread,憚、怖、恐、畏
𘟣,0930,4918,1721 22,U+187E3,dju,du¹,to have,"有 have/ has, there is/ are"
𘎆,4889,2537,8041 20,U+18386,dźjwɨ,dźwə¹,an auxiliary word,相
𗶅,1354,0142,1744 20,U+17D85,tśjụ,tṣau̱h¹,to guard; to defend,守
𗓑,4976,1774,8044 20,U+174D1,ˑwejr,rġhwe̱r²,to guard; to defend,衛(借詞)、護
